#
# A fatal error has been detected by the Java Runtime Environment:
#
#  SIGSEGV (0xb) at pc=0x00007f8ad0098eb8, pid=342294, tid=342346
#
# JRE version: OpenJDK Runtime Environment Temurin-26.0.2+10 (26.0.2+10) (build 26.0.2+10)
# Java VM: OpenJDK 64-Bit Server VM Temurin-26.0.2+10 (26.0.2+10, mixed mode, sharing, tiered, compressed oops, compressed class ptrs, g1 gc, linux-amd64)
# Problematic frame:
# V  [libjvm.so+0x898eb8]  ConnectionGraph::find_inst_mem(Node*, int, GrowableArray<PhiNode*>&, unsigned int)+0x848
#
# Core dump will be written. Default location: Determined by the following: "/usr/lib/systemd/systemd-coredump %P %u %g %s %t %c %h %d %F %I" (alternatively, falling back to /home/pek/Projects/peknight/fs2/core.342294)
#
# If you would like to submit a bug report, please visit:
#   https://github.com/adoptium/adoptium-support/issues
#

---------------  S U M M A R Y ------------

Command Line: -agentlib:jdwp=transport=dt_socket,address=localhost:43995,suspend=n,server=y -Xmx1536M -Dsbt.supershell=false -Djdk.console=java.base -Dgrouping.with.qualified.names.enabled=true -Dseparate.prod.test.sources.enabled=true -Didea.managed=true -Dfile.encoding=UTF-8 /home/pek/.local/share/JetBrains/IntelliJIdea2026.2/Scala/launcher/sbt-launch.jar early(addPluginSbtFile="""/tmp/idea15856511413508415544.sbt""") idea-shell

Host: Intel(R) Core(TM) i7-9700 CPU @ 3.00GHz, 8 cores, 31G, Arch Linux
Time: Thu Aug 13 10:33:28 2026 CST elapsed time: 4128.498505 seconds (0d 1h 8m 48s)

---------------  T H R E A D  ---------------

Current thread (0x00007f8ac80ebbc0):  JavaThread "C2 CompilerThread0" daemon [_thread_in_native, id=342346, stack(0x00007f8aacdfd000,0x00007f8aacefd000) (1024K)]


Current CompileTask:
C2:4128498 54166       4       dotty.tools.scaladoc.translators.SignatureBuilder$$Lambda/0x00000000355613f0::apply (12 bytes)

Stack: [0x00007f8aacdfd000,0x00007f8aacefd000],  sp=0x00007f8aacef81a0,  free space=1004k
Native frames: (J=compiled Java code, j=interpreted, Vv=VM code, C=native code)
V  [libjvm.so+0x898eb8]  ConnectionGraph::find_inst_mem(Node*, int, GrowableArray<PhiNode*>&, unsigned int)+0x848
V  [libjvm.so+0x89a01b]  ConnectionGraph::split_unique_types(GrowableArray<Node*>&, GrowableArray<ArrayCopyNode*>&, GrowableArray<MergeMemNode*>&, Unique_Node_List&)+0x60b
V  [libjvm.so+0x89e06b]  ConnectionGraph::compute_escape()+0x1edb
V  [libjvm.so+0x89e378]  ConnectionGraph::do_analysis(Compile*, PhaseIterGVN*)+0xf8
V  [libjvm.so+0x75efd4]  Compile::Optimize()+0xaf4
V  [libjvm.so+0x76369b]  Compile::Compile(ciEnv*, ciMethod*, int, Options, DirectiveSet*)+0x108b
V  [libjvm.so+0x673671]  C2Compiler::compile_method(ciEnv*, ciMethod*, int, bool, DirectiveSet*)+0x1c1
V  [libjvm.so+0x76b7e1]  CompileBroker::invoke_compiler_on_method(CompileTask*)+0xb01
V  [libjvm.so+0x76caa0]  CompileBroker::compiler_thread_loop()+0x4d0
V  [libjvm.so+0xa73e79]  JavaThread::thread_main_inner()+0x1f9
V  [libjvm.so+0x12405df]  Thread::call_run()+0x9f
V  [libjvm.so+0xeac226]  thread_native_entry(Thread*)+0xc6
C  [libc.so.6+0x980a2]

siginfo: si_signo: 11 (SIGSEGV), si_code: 1 (SEGV_MAPERR), si_addr: 0x000000000000002c

Registers:
RAX=0x0000000000000b61, RBX=0x00007f8a9d2ca3b8, RCX=0x000000000000004f, RDX=0x00007f8a9c3eb288
RSP=0x00007f8aacef81a0, RBP=0x00007f8aacef8220, RSI=0x00007f8ac9240f60, RDI=0x00007f8aacefa970
R8 =0x0000000000000000, R9 =0x00007f8ad14ed010, R10=0x00007f8aa87825a8, R11=0x0000000000000000
R12=0x00007f8aa8d89b01, R13=0x00007f8aacefa970, R14=0x00007f8aa8193c10, R15=0x00007f8aacef8950
RIP=0x00007f8ad0098eb8, EFLAGS=0x0000000000010283, CSGSFS=0x002b000000000033, ERR=0x0000000000000004
  TRAPNO=0x000000000000000e

XMM[0]=0x0000000000000000 0x0000000000000000
XMM[1]=0x0000000000000000 0x0000000000000000
XMM[2]=0x0000000000000000 0x0000000000000000
XMM[3]=0x0000000000000000 0x0000000000000200
XMM[4]=0x0000000000000000 0x0000000000000000
XMM[5]=0x0000000000000000 0x0000000000000000
XMM[6]=0x0000000000000000 0x0000000000000000
XMM[7]=0x0000000000000000 0x0000000000010000
XMM[8]=0x0000000000000000 0x0000000000000000
XMM[9]=0x0000000000000000 0x46293e5939a08cea
XMM[10]=0x0000000000000000 0x4376345785d8a000
XMM[11]=0x240ca1cc0fc19dc6 0xefbe4786e49b69c1
XMM[12]=0xc19bf1749bdc06a7 0x80deb1fe72be5d74
XMM[13]=0x550c7dc3243185be 0x12835b01d807aa98
XMM[14]=0xab1c5ed5923f82a4 0x59f111f13956c25b
XMM[15]=0x0000000000000000 0x0000000000000000
  MXCSR=0x00001fb2


Register to memory mapping:

RAX=0x0000000000000b61 is an unknown value
RBX=0x00007f8a9d2ca3b8 points into unknown readable memory: 0x00001c2d0000199e | 9e 19 00 00 2d 1c 00 00
RCX=0x000000000000004f is an unknown value
RDX=0x00007f8a9c3eb288 points into unknown readable memory: 0x0000000000000000 | 00 00 00 00 00 00 00 00
RSP=0x00007f8aacef81a0 is pointing into the stack for thread: 0x00007f8ac80ebbc0
RBP=0x00007f8aacef8220 is pointing into the stack for thread: 0x00007f8ac80ebbc0
RSI=0x00007f8ac9240f60 points into unknown readable memory: 0x00007f8ad0f032d0 | d0 32 f0 d0 8a 7f 00 00
RDI=0x00007f8aacefa970 is pointing into the stack for thread: 0x00007f8ac80ebbc0
R8 =0x0 is null
R9 =0x00007f8ad14ed010 points into unknown readable memory: 0x000002b3e44b2357 | 57 23 4b e4 b3 02 00 00
R10=0x00007f8aa87825a8 points into unknown readable memory: 0x00007f8ad0fbb5c0 | c0 b5 fb d0 8a 7f 00 00
R11=0x0 is null
R12=0x00007f8aa8d89b01 points into unknown readable memory: 00 00 00 00 00 00 00
R13=0x00007f8aacefa970 is pointing into the stack for thread: 0x00007f8ac80ebbc0
R14=0x00007f8aa8193c10 points into unknown readable memory: 0x00007f8ad0fbc5a8 | a8 c5 fb d0 8a 7f 00 00
R15=0x00007f8aacef8950 is pointing into the stack for thread: 0x00007f8ac80ebbc0

Top of Stack: (sp=0x00007f8aacef81a0)
0x00007f8aacef81a0:   000000000000d83d 0000000000000278   =.......x.......
0x00007f8aacef81b0:   00000000acef81d0 00007f8aacef82f0   ................
0x00007f8aacef81c0:   00007f8a9d2ca3b8 00007f8a998217d8   ..,.............
0x00007f8aacef81d0:   00007f8aa8782280 00007f8a0000004f   ."x.....O.......
0x00007f8aacef81e0:   0000000000000100 0000000000000000   ................
0x00007f8aacef81f0:   0000000000000001 0000000000000001   ................
0x00007f8aacef8200:   00007f8aa8d89bf8 0000000000000001   ................
0x00007f8aacef8210:   00007f8aa911bf38 00007f8a9d2ca3b8   8.........,.....
0x00007f8aacef8220:   00007f8aacef8360 00007f8ad009a01b   `...............
0x00007f8aacef8230:   00007f8aacefa970 0000000000000003   p...............
0x00007f8aacef8240:   00007f8aacef8250 00007f8aacef8480   P...............
0x00007f8aacef8250:   00007f8a9d2d3e48 00007f8aa87811b8   H>-.......x.....
0x00007f8aacef8260:   00007f8aa8782a58 00007f8a998217d8   X*x.............
0x00007f8aacef8270:   00007f8aacef8580 00007f8a9d2ca3b8   ..........,.....
0x00007f8aacef8280:   00007f8aa8782238 00007f8a00000050   8"x.....P.......
0x00007f8aacef8290:   0000000000000000 00007f8aacef8310   ................
0x00007f8aacef82a0:   0000000400000050 00007f8aa8d89bf8   P...............
0x00007f8aacef82b0:   ffffffffffffffff 00007f8aacef8950   ........P.......
0x00007f8aacef82c0:   00007f8aa8d89bf8 00007f8a9d2ca3b8   ..........,.....
0x00007f8aacef82d0:   0000000400000002 00007f8aa8d89bf8   ................
0x00007f8aacef82e0:   0000000000000000 000000002cd15f48   ........H_.,....
0x00007f8aacef82f0:   0000000200000000 00007f8aa8d89990   ................
0x00007f8aacef8300:   0000000000000000 0000000000000000   ................
0x00007f8aacef8310:   0000010000000100 00007f8aa8d89c18   ................
0x00007f8aacef8320:   00007f8ac80ec600 0000000000000000   ................
0x00007f8aacef8330:   00007f8aac000001 00007f8a9d2ca3b8   ..........,.....
0x00007f8aacef8340:   0000000000000000 0000000000000002   ................
0x00007f8aacef8350:   00007f8a9c3e59e8 0000000000000000   .Y>.............
0x00007f8aacef8360:   00007f8aacef86e0 00007f8ad009e06b   ........k.......
0x00007f8aacef8370:   00000080a9742558 00007f8a9c3e7bc8   X%t......{>.....
0x00007f8aacef8380:   00007f8a9c3e61e8 00007f8a9d2c2840   .a>.....@(,.....
0x00007f8aacef8390:   00007f8a9c3e7fc8 0000008000000040   ..>.....@.......

Instructions: (pc=0x00007f8ad0098eb8)
  0x00007f8ad0098db8:   e8 53 ad dd ff 48 89 c6 eb d4 66 0f 1f 44 00 00
  0x00007f8ad0098dc8:   ba 01 00 00 00 4c 89 fe 4c 89 d7 e8 a8 19 e0 ff
  0x00007f8ad0098dd8:   48 85 c0 0f 85 cd fc ff ff 4c 8b 5d c8 41 8b 43
  0x00007f8ad0098de8:   2c 83 e0 0f 83 f8 0c 0f 85 43 fb ff ff 49 8b 03
  0x00007f8ad0098df8:   48 8d 1d 81 91 e0 ff 48 8b 40 30 48 39 d8 0f 84
  0x00007f8ad0098e08:   d3 00 00 00 4c 89 5d b0 4c 89 df ff d0 4c 8b 5d
  0x00007f8ad0098e18:   b0 48 89 c6 e9 99 fe ff ff 49 83 bd 80 01 00 00
  0x00007f8ad0098e28:   00 0f 85 06 fb ff ff 8b 75 b8 48 89 c2 4c 89 d7
  0x00007f8ad0098e38:   e8 43 eb 56 00 e9 1e ff ff ff 48 89 cf 48 89 4d
  0x00007f8ad0098e48:   b0 e8 82 5e 14 00 48 8b 4d b0 48 85 c0 0f 84 22
  0x00007f8ad0098e58:   fd ff ff 48 8b 7d a8 8b 7f 4c 39 78 28 0f 85 12
  0x00007f8ad0098e68:   fd ff ff 48 8b 7d c8 48 8b 07 ff 50 30 31 c9 31
  0x00007f8ad0098e78:   d2 4c 89 ef 48 89 c6 e8 3c c0 eb ff 8b 4d b8 48
  0x00007f8ad0098e88:   89 c2 48 8b 45 c8 3b 0a 0f 84 16 f9 ff ff 48 8b
  0x00007f8ad0098e98:   5d a0 8b 40 28 3b 83 d8 00 00 00 0f 83 3d 01 00
  0x00007f8ad0098ea8:   00 48 8b 93 e0 00 00 00 4c 8b 1c c2 4c 89 5d c8
=>0x00007f8ad0098eb8:   41 8b 43 2c 83 e0 0f 83 f8 0c 0f 85 70 fa ff ff
  0x00007f8ad0098ec8:   49 8b 03 48 8d 15 ae 90 e0 ff 48 8b 40 30 48 39
  0x00007f8ad0098ed8:   d0 0f 85 2d ff ff ff 49 8b 73 40 e9 db fd ff ff
  0x00007f8ad0098ee8:   4c 89 55 b0 48 89 cf ff d0 4c 8b 55 b0 48 89 c7
  0x00007f8ad0098ef8:   e9 91 f9 ff ff 48 8b 46 08 48 8b 38 80 7f 2c 87
  0x00007f8ad0098f08:   0f 85 6f fc ff ff 48 8b 07 48 8b 75 a8 48 89 4d
  0x00007f8ad0098f18:   b0 4c 89 fa ff 90 e0 00 00 00 48 8b 4d b0 84 c0
  0x00007f8ad0098f28:   0f 84 4f fc ff ff 4c 8b 5d c8 41 8b 43 2c 83 e0
  0x00007f8ad0098f38:   0f 83 f8 0c 0f 85 f6 f9 ff ff eb 84 0f 1f 40 00
  0x00007f8ad0098f48:   44 8b 45 94 48 8b 4d 98 4c 89 de 89 da 48 8b 7d
  0x00007f8ad0098f58:   a0 41 83 c0 01 e8 8e 00 00 00 49 89 c3 e9 ce f9
  0x00007f8ad0098f68:   ff ff 4c 8b 5d c8 41 8b 53 2c 83 e2 0f e9 1c fd
  0x00007f8ad0098f78:   ff ff 83 e2 0f e9 14 fd ff ff 89 fe 48 8b 7d 98
  0x00007f8ad0098f88:   48 89 45 80 48 89 4d b0 e8 0b 57 00 00 48 8b 45
  0x00007f8ad0098f98:   98 48 8b 4d b0 48 63 38 48 8b 45 80 e9 42 fb ff
  0x00007f8ad0098fa8:   ff 48 89 4d b0 ff d0 48 8b 4d b0 48 89 c6 e9 b3


Stack slot to memory mapping:

stack at sp + 0 slots: 0x000000000000d83d is an unknown value
stack at sp + 1 slots: 0x0000000000000278 is an unknown value
stack at sp + 2 slots: 0x00000000acef81d0 is an oop: dotty.tools.io.FileZipArchive$LeakyEntry 
{0x00000000acef81d0} - klass: 'dotty/tools/io/FileZipArchive$LeakyEntry' - flags: 

 - ---- fields (total size 7 words):
 - private final 'ext' 'Ldotty/tools/io/FileExtension;' @12  a 'dotty/tools/io/FileExtension$$anon$3'{0x00000000a176f708} (0xa176f708)
 - private final 'name' 'Ljava/lang/String;' @16  "Inkuire$ITID$.class"{0x00000000acef8190} (0xacef8190)
 - private final 'path' 'Ljava/lang/String;' @20  "dotty/tools/scaladoc/Inkuire$ITID$.class"{0x00000000acef8208} (0xacef8208)
 - public 'dotty$tools$io$VirtualFile$$content' '[B' @24  [B{0x00000000a176f7a0} (0xa176f7a0)
 - private 'jpath_' 'Ljava/nio/file/Path;' @28  null (0x00000000)
 - private final 'parent' 'Ldotty/tools/io/ZipArchive$Entry;' @32  a 'dotty/tools/io/ZipArchive$DirEntry'{0x00000000aceb32e8} (0xaceb32e8)
 - private final synthetic '$outer' 'Ldotty/tools/io/ZipArchive;' @36  a 'dotty/tools/io/FileZipArchive'{0x00000000ace900f8} (0xace900f8)
 - private final 'zipFile' 'Ljava/util/zip/ZipFile;' @40  a 'java/util/zip/ZipFile'{0x00000000ace90860} (0xace90860)
 - private final 'zipEntry' 'Ljava/util/zip/ZipEntry;' @44  a 'java/util/zip/ZipEntry'{0x00000000acef8258} (0xacef8258)
 - private final synthetic '$outer' 'Ldotty/tools/io/FileZipArchive;' @48  a 'dotty/tools/io/FileZipArchive'{0x00000000ace900f8} (0xace900f8)
stack at sp + 3 slots: 0x00007f8aacef82f0 is pointing into the stack for thread: 0x00007f8ac80ebbc0
stack at sp + 4 slots: 0x00007f8a9d2ca3b8 points into unknown readable memory: 0x00001c2d0000199e | 9e 19 00 00 2d 1c 00 00
stack at sp + 5 slots: 0x00007f8a998217d8 points into unknown readable memory: 0x00007f8ad0f032d0 | d0 32 f0 d0 8a 7f 00 00
stack at sp + 6 slots: 0x00007f8aa8782280 points into unknown readable memory: 0x00007f8ad0fb75b0 | b0 75 fb d0 8a 7f 00 00
stack at sp + 7 slots: 0x00007f8a0000004f is an unknown value

Lock stack of current Java thread (top to bottom):


---------------  P R O C E S S  ---------------

Threads class SMR info:
_java_thread_list=0x00007f8aa891fc60, length=61, elements={
0x00007f8ac802d0b0, 0x00007f8ac80e36f0, 0x00007f8ac80e48a0, 0x00007f8ac80e63d0,
0x00007f8ac80e8080, 0x00007f8ac80e99f0, 0x00007f8ac80ebbc0, 0x00007f8ac80ed580,
0x00007f8ac810c4e0, 0x00007f8ac810ec00, 0x00007f8ac8110140, 0x00007f8ac81131c0,
0x00007f8ac845e900, 0x00007f8ac845f330, 0x00007f8ac84603a0, 0x00007f8ac8461620,
0x00007f8ac83495f0, 0x00007f8ac85dfb10, 0x00007f8ac8612d90, 0x00007f8ac8891920,
0x00007f8ac8cb8d60, 0x00007f8ac8e5e710, 0x00007f8ac939de50, 0x00007f8aca53d3d0,
0x00007f8aca53dc70, 0x00007f8ac87a2a70, 0x00007f8ac87a3310, 0x00007f8ac94b4a30,
0x00007f8ac91b9080, 0x00007f8acabfae30, 0x00007f8ac8be4ad0, 0x00007f8ac8be5b90,
0x00007f8ac8be6c40, 0x00007f8ac8be7cb0, 0x00007f8a986b9b70, 0x00007f8ac8e1bbc0,
0x00007f8ac91d8c50, 0x00007f8ac82718c0, 0x00007f8a9c24f5b0, 0x00007f8ac8037220,
0x00007f8ac91bbeb0, 0x00007f8ac8ae2f80, 0x00007f8ac8826500, 0x00007f8ac902c9a0,
0x00007f8acac7f140, 0x00007f8a9da416b0, 0x00007f8ac85de620, 0x00007f8a99dc7890,
0x00007f8a9aa664e0, 0x00007f8a997c8db0, 0x00007f8aa44e19e0, 0x00007f8aa4bf2ec0,
0x00007f8a9b704ea0, 0x000055cb417e2bd0, 0x000055cb41986330, 0x00007f8aa16b5820,
0x00007f8aa420edb0, 0x00007f8a9c26e5d0, 0x00007f8a9a4a2bb0, 0x000055cb417c6b00,
0x00007f8ac91e1070
}

Java Threads: ( => current thread )
  0x00007f8ac802d0b0 JavaThread "main"                              [_thread_blocked, id=342329, stack(0x00007f8acf700000,0x00007f8acf800000) (1024K)]
  0x00007f8ac80e36f0 JavaThread "Reference Handler"          daemon [_thread_blocked, id=342341, stack(0x00007f8aad8fc000,0x00007f8aad9fc000) (1024K)]
  0x00007f8ac80e48a0 JavaThread "Finalizer"                  daemon [_thread_blocked, id=342342, stack(0x00007f8aad7fb000,0x00007f8aad8fb000) (1024K)]
  0x00007f8ac80e63d0 JavaThread "Signal Dispatcher"          daemon [_thread_blocked, id=342343, stack(0x00007f8aad100000,0x00007f8aad200000) (1024K)]
  0x00007f8ac80e8080 JavaThread "Service Thread"             daemon [_thread_blocked, id=342344, stack(0x00007f8aacfff000,0x00007f8aad0ff000) (1024K)]
  0x00007f8ac80e99f0 JavaThread "Monitor Deflation Thread"   daemon [_thread_blocked, id=342345, stack(0x00007f8aacefe000,0x00007f8aacffe000) (1024K)]
=>0x00007f8ac80ebbc0 JavaThread "C2 CompilerThread0"         daemon [_thread_in_native, id=342346, stack(0x00007f8aacdfd000,0x00007f8aacefd000) (1024K)]
  0x00007f8ac80ed580 JavaThread "C1 CompilerThread0"         daemon [_thread_blocked, id=342347, stack(0x00007f8aaccfc000,0x00007f8aacdfc000) (1024K)]
  0x00007f8ac810c4e0 JavaThread "JDWP Transport Listener: dt_socket" daemon [_thread_in_native, id=342348, stack(0x00007f8aacba5000,0x00007f8aacca5000) (1024K)]
  0x00007f8ac810ec00 JavaThread "JDWP Event Helper Thread"   daemon [_thread_blocked, id=342349, stack(0x00007f8aacaa4000,0x00007f8aacba4000) (1024K)]
  0x00007f8ac8110140 JavaThread "Notification Thread"        daemon [_thread_blocked, id=342350, stack(0x00007f8aac9a3000,0x00007f8aacaa3000) (1024K)]
  0x00007f8ac81131c0 JavaThread "Common-Cleaner"             daemon [_thread_blocked, id=342351, stack(0x00007f8aac8a2000,0x00007f8aac9a2000) (1024K)]
  0x00007f8ac845e900 JavaThread "pool-1-thread-1"                   [_thread_blocked, id=342358, stack(0x00007f8aac49e000,0x00007f8aac59e000) (1024K)]
  0x00007f8ac845f330 JavaThread "pool-1-thread-2"                   [_thread_blocked, id=342359, stack(0x00007f8aac39d000,0x00007f8aac49d000) (1024K)]
  0x00007f8ac84603a0 JavaThread "pool-1-thread-3"                   [_thread_blocked, id=342360, stack(0x00007f8aac29c000,0x00007f8aac39c000) (1024K)]
  0x00007f8ac8461620 JavaThread "pool-1-thread-4"                   [_thread_blocked, id=342362, stack(0x00007f8aac09a000,0x00007f8aac19a000) (1024K)]
  0x00007f8ac83495f0 JavaThread "pool-1-thread-5"                   [_thread_blocked, id=342368, stack(0x00007f8a979fb000,0x00007f8a97afb000) (1024K)]
  0x00007f8ac85dfb10 JavaThread "JNA Cleaner"                daemon [_thread_blocked, id=342373, stack(0x00007f8a973ff000,0x00007f8a974ff000) (1024K)]
  0x00007f8ac8612d90 JavaThread "boot-server-socket-thread-1"        [_thread_in_native, id=342374, stack(0x00007f8a972fe000,0x00007f8a973fe000) (1024K)]
  0x00007f8ac8891920 JavaThread "sbt-console-input-reader"          [_thread_blocked, id=342379, stack(0x00007f8a971fd000,0x00007f8a972fd000) (1024K)]
  0x00007f8ac8cb8d60 JavaThread "classloader-cache-cleanup-0" daemon [_thread_blocked, id=342384, stack(0x00007f8a970fc000,0x00007f8a971fc000) (1024K)]
  0x00007f8ac8e5e710 JavaThread "sbt-command-exchange-fastTrack" daemon [_thread_blocked, id=342385, stack(0x00007f8a96d00000,0x00007f8a96e00000) (1024K)]
  0x00007f8ac939de50 JavaThread "FileSystemWatchService"     daemon [_thread_in_native, id=342615, stack(0x00007f8a95af2000,0x00007f8a95bf2000) (1024K)]
  0x00007f8aca53d3d0 JavaThread "NioPathWatcher-loop-thread-3" daemon [_thread_blocked, id=342616, stack(0x00007f8a956ee000,0x00007f8a957ee000) (1024K)]
  0x00007f8aca53dc70 JavaThread "com.swoval.files.SymlinkWatcher.callback-executor-1"        [_thread_blocked, id=342617, stack(0x00007f8a957ef000,0x00007f8a958ef000) (1024K)]
  0x00007f8ac87a2a70 JavaThread "FileTreeRepository-callback-executor-1"        [_thread_blocked, id=342618, stack(0x00007f8a959f1000,0x00007f8a95af1000) (1024K)]
  0x00007f8ac87a3310 JavaThread "FileSystemWatchService"     daemon [_thread_in_native, id=342619, stack(0x00007f8a95df5000,0x00007f8a95ef5000) (1024K)]
  0x00007f8ac94b4a30 JavaThread "NioPathWatcher-loop-thread-4" daemon [_thread_blocked, id=342620, stack(0x00007f8a953eb000,0x00007f8a954eb000) (1024K)]
  0x00007f8ac91b9080 JavaThread "FileSystemWatchService"     daemon [_thread_in_native, id=342731, stack(0x00007f8a958f0000,0x00007f8a959f0000) (1024K)]
  0x00007f8acabfae30 JavaThread "NioPathWatcher-loop-thread-5" daemon [_thread_blocked, id=342732, stack(0x00007f8a95bf3000,0x00007f8a95cf3000) (1024K)]
  0x00007f8ac8be4ad0 JavaThread "com.swoval.files.SymlinkWatcher.callback-executor-1"        [_thread_blocked, id=342733, stack(0x00007f8a95ef6000,0x00007f8a95ff6000) (1024K)]
  0x00007f8ac8be5b90 JavaThread "FileTreeRepository-callback-executor-1"        [_thread_blocked, id=342734, stack(0x00007f8a95ff7000,0x00007f8a960f7000) (1024K)]
  0x00007f8ac8be6c40 JavaThread "FileSystemWatchService"     daemon [_thread_in_native, id=342735, stack(0x00007f8a954ec000,0x00007f8a955ec000) (1024K)]
  0x00007f8ac8be7cb0 JavaThread "NioPathWatcher-loop-thread-6" daemon [_thread_blocked, id=342736, stack(0x00007f8a961f9000,0x00007f8a962f9000) (1024K)]
  0x00007f8a986b9b70 JavaThread "InnocuousThread-1"          daemon [_thread_blocked, id=368853, stack(0x00007f8a947df000,0x00007f8a948df000) (1024K)]
  0x00007f8ac8e1bbc0 JavaThread "sbt-task-progress-report-thread"        [_thread_blocked, id=383950, stack(0x00007f8a955ed000,0x00007f8a956ed000) (1024K)]
  0x00007f8ac91d8c50 JavaThread "pool-45-thread-1"                  [_thread_blocked, id=383951, stack(0x00007f8a94ae2000,0x00007f8a94be2000) (1024K)]
  0x00007f8ac82718c0 JavaThread "pool-45-thread-2"                  [_thread_in_Java, id=383952, stack(0x00007f8a95cf4000,0x00007f8a95df4000) (1024K)]
  0x00007f8a9c24f5b0 JavaThread "sbt-progress-report-scheduler"        [_thread_blocked, id=383953, stack(0x00007f8a950e8000,0x00007f8a951e8000) (1024K)]
  0x00007f8ac8037220 JavaThread "pool-45-thread-3"                  [_thread_blocked, id=383954, stack(0x00007f8a965fd000,0x00007f8a966fd000) (1024K)]
  0x00007f8ac91bbeb0 JavaThread "pool-45-thread-4"                  [_thread_blocked, id=383955, stack(0x00007f8a964fc000,0x00007f8a965fc000) (1024K)]
  0x00007f8ac8ae2f80 JavaThread "pool-45-thread-5"                  [_thread_blocked, id=383956, stack(0x00007f8aac19b000,0x00007f8aac29b000) (1024K)]
  0x00007f8ac8826500 JavaThread "pool-45-thread-6"                  [_thread_blocked, id=383957, stack(0x00007f8a949e1000,0x00007f8a94ae1000) (1024K)]
  0x00007f8ac902c9a0 JavaThread "pool-45-thread-7"                  [_thread_blocked, id=383958, stack(0x00007f8a944dc000,0x00007f8a945dc000) (1024K)]
  0x00007f8acac7f140 JavaThread "pool-45-thread-8"                  [_thread_blocked, id=383959, stack(0x00007f8a967ff000,0x00007f8a968ff000) (1024K)]
  0x00007f8a9da416b0 JavaThread "pool-45-thread-9"                  [_thread_blocked, id=383960, stack(0x00007f8a83dff000,0x00007f8a83eff000) (1024K)]
  0x00007f8ac85de620 JavaThread "pool-45-thread-10"                 [_thread_blocked, id=383961, stack(0x00007f8aac7a1000,0x00007f8aac8a1000) (1024K)]
  0x00007f8a99dc7890 JavaThread "C2 CompilerThread1"         daemon [_thread_in_native, id=383962, stack(0x00007f8a94de5000,0x00007f8a94ee5000) (1024K)]
  0x00007f8a9aa664e0 JavaThread "C2 CompilerThread2"         daemon [_thread_in_native, id=383963, stack(0x00007f8a960f8000,0x00007f8a961f8000) (1024K)]
  0x00007f8a997c8db0 JavaThread "pool-45-thread-11"                 [_thread_blocked, id=383964, stack(0x00007f8a94ee6000,0x00007f8a94fe6000) (1024K)]
  0x00007f8aa44e19e0 JavaThread "pool-45-thread-12"                 [_thread_blocked, id=383965, stack(0x00007f8a952ea000,0x00007f8a953ea000) (1024K)]
  0x00007f8aa4bf2ec0 JavaThread "scala-execution-context-global-540" daemon [_thread_blocked, id=383967, stack(0x00007f8a948e0000,0x00007f8a949e0000) (1024K)]
  0x00007f8a9b704ea0 JavaThread "scala-execution-context-global-541" daemon [_thread_blocked, id=383968, stack(0x00007f8a94fe7000,0x00007f8a950e7000) (1024K)]
  0x000055cb417e2bd0 JavaThread "scala-execution-context-global-542" daemon [_thread_blocked, id=383969, stack(0x00007f8a96900000,0x00007f8a96a00000) (1024K)]
  0x000055cb41986330 JavaThread "scala-execution-context-global-543" daemon [_thread_blocked, id=383970, stack(0x00007f8a94be3000,0x00007f8a94ce3000) (1024K)]
  0x00007f8aa16b5820 JavaThread "scala-execution-context-global-545" daemon [_thread_blocked, id=383971, stack(0x00007f8a963fb000,0x00007f8a964fb000) (1024K)]
  0x00007f8aa420edb0 JavaThread "scala-execution-context-global-546" daemon [_thread_blocked, id=383973, stack(0x00007f8a83f00000,0x00007f8a84000000) (1024K)]
  0x00007f8a9c26e5d0 JavaThread "scala-execution-context-global-544" daemon [_thread_blocked, id=383974, stack(0x00007f8a941d9000,0x00007f8a942d9000) (1024K)]
  0x00007f8a9a4a2bb0 JavaThread "scala-execution-context-global-547" daemon [_thread_blocked, id=383975, stack(0x00007f8a945dd000,0x00007f8a946dd000) (1024K)]
  0x000055cb417c6b00 JavaThread "ForkJoinPool.commonPool-worker-13" daemon [_thread_blocked, id=383977, stack(0x00007f8a94ce4000,0x00007f8a94de4000) (1024K)]
  0x00007f8ac91e1070 JavaThread "pool-45-thread-13"                 [_thread_blocked, id=383980, stack(0x00007f8a97500000,0x00007f8a97600000) (1024K)]
Total: 61

Other Threads:
  0x00007f8ac80da910 VMThread "VM Thread"                           [id=342340, stack(0x00007f8aadafe000,0x00007f8aadbfe000) (1024K)]
  0x00007f8ac80c9260 WatcherThread "VM Periodic Task Thread"        [id=342339, stack(0x00007f8aad9fd000,0x00007f8aadafd000) (1024K)]
  0x00007f8ac8065e30 WorkerThread "GC Thread#0"                     [id=342330, stack(0x00007f8accacc000,0x00007f8accbcc000) (1024K)]
  0x00007f8aa4008aa0 WorkerThread "GC Thread#1"                     [id=342354, stack(0x00007f8aac6a0000,0x00007f8aac7a0000) (1024K)]
  0x00007f8aa400f930 WorkerThread "GC Thread#2"                     [id=342357, stack(0x00007f8aac59f000,0x00007f8aac69f000) (1024K)]
  0x00007f8aa400cbf0 WorkerThread "GC Thread#3"                     [id=342363, stack(0x00007f8a97f00000,0x00007f8a98000000) (1024K)]
  0x00007f8aa400a230 WorkerThread "GC Thread#4"                     [id=342364, stack(0x00007f8a97dff000,0x00007f8a97eff000) (1024K)]
  0x00007f8aa4010570 WorkerThread "GC Thread#5"                     [id=342365, stack(0x00007f8a97cfe000,0x00007f8a97dfe000) (1024K)]
  0x00007f8aa4013b80 WorkerThread "GC Thread#6"                     [id=342366, stack(0x00007f8a97bfd000,0x00007f8a97cfd000) (1024K)]
  0x00007f8aa4014c70 WorkerThread "GC Thread#7"                     [id=342367, stack(0x00007f8a97afc000,0x00007f8a97bfc000) (1024K)]
  0x00007f8ac8079670 ConcurrentGCThread "G1 Main Marker"            [id=342331, stack(0x00007f8acc9cb000,0x00007f8accacb000) (1024K)]
  0x00007f8ac807a7f0 WorkerThread "G1 Conc#0"                       [id=342332, stack(0x00007f8acc8ca000,0x00007f8acc9ca000) (1024K)]
  0x00007f8aa0169bc0 WorkerThread "G1 Conc#1"                       [id=342369, stack(0x00007f8a978fa000,0x00007f8a979fa000) (1024K)]
  0x00007f8ac80b1d20 WorkerThread "G1 Refinement Workers#0"         [id=342334, stack(0x00007f8aadd00000,0x00007f8aade00000) (1024K)]
  0x00007f8ac80b0af0 ConcurrentGCThread "G1 Refine Control"         [id=342333, stack(0x00007f8aafefe000,0x00007f8aafffe000) (1024K)]
  0x00007f8ac80b2e10 ConcurrentGCThread "G1 Service"                [id=342335, stack(0x00007f8aadbff000,0x00007f8aadcff000) (1024K)]
Total: 16

Threads with active compile tasks:
C2 CompilerThread0  4128506 54166       4       dotty.tools.scaladoc.translators.SignatureBuilder$$Lambda/0x00000000355613f0::apply (12 bytes)
C2 CompilerThread1  4128506 54162       4       dotty.tools.scaladoc.renderers.Resources$$Lambda/0x00000000355fda48::apply (22 bytes)
C2 CompilerThread2  4128506 53998       4       dotty.tools.backend.jvm.BCodeBodyBuilder$PlainBodyBuilder::genLoadTo (3058 bytes)
Total: 3

VM state: not at safepoint (normal execution)

VM Mutex/Monitor currently owned by a thread: None

Heap address: 0x00000000a0000000, size: 1536 MB, Compressed Oops mode: 32-bit

CDS archive(s) mapped at: [0x0000000033000000-0x0000000033dae000-0x0000000033dae000), size 14344192, SharedBaseAddress: 0x0000000033000000, ArchiveRelocationMode: 1.
Compressed class space mapped at: 0x0000000034000000-0x0000000074000000, reserved size: 1073741824
UseCompressedClassPointers 1, UseCompactObjectHeaders 0
Narrow klass pointer bits 32, Max shift 3
Narrow klass base: 0x0000000033000000, Narrow klass shift: 0
Encoding Range: [0x0000000033000000 - 0x0000000133000000), (4294967296 bytes)
Klass Range:    [0x0000000033000000 - 0x0000000074000000), (1090519040 bytes)
Klass ID Range:  [8 - 1090519033) (1090519025)
Protection zone: [0x0000000033000000 - 0x0000000033001000), (4096 bytes)

GC Precious Log:
 CardTable entry size: 512
 Card Set container configuration: InlinePtr #cards 5 size 8 Array Of Cards #cards 10 size 36 Howl #buckets 4 coarsen threshold 1843 Howl Bitmap #cards 512 size 80 coarsen threshold 460 Card regions per heap region 1 cards per card region 2048
 CPUs: 8 total, 8 available
 Memory: 31922M
 Large Page Support: Disabled
 NUMA Support: Disabled
 Compressed Oops: Enabled (32-bit)
 Heap Region Size: 1M
 Heap Min Capacity: 8M
 Heap Initial Capacity: 8M
 Heap Max Capacity: 1536M
 Pre-touch: Disabled
 Parallel Workers: 8
 Concurrent Workers: 2
 Concurrent Refinement Workers: 8
 Periodic GC: Disabled

Heap:
 garbage-first heap   total reserved 1572864K, committed 894976K, used 528013K [0x00000000a0000000, 0x0000000100000000)
  region size 1M, 121 eden (121M), 39 survivor (39M), 336 old (336M), 23 humongous (23M), 355 free (355M)

Heap Regions: E=young(eden), S=young(survivor), O=old, HS=humongous(starts), HC=humongous(continues), CS=collection set, F=free, TAMS=top-at-mark-start, PB=parsable bottom
|    0|0x00000000a0000000, 0x00000000a00ffff0, 0x00000000a0100000| 99%| O|  |TAMS 0x00000000a0000000| PB 0x00000000a0000000| Untracked |  0
|    1|0x00000000a0100000, 0x00000000a0200000, 0x00000000a0200000|100%|HS|  |TAMS 0x00000000a0100000| PB 0x00000000a0100000| Complete  |  0
|    2|0x00000000a0200000, 0x00000000a0300000, 0x00000000a0300000|100%|HS|  |TAMS 0x00000000a0200000| PB 0x00000000a0200000| Complete  |  0
|    3|0x00000000a0300000, 0x00000000a0400000, 0x00000000a0400000|100%| O|  |TAMS 0x00000000a0300000| PB 0x00000000a0300000| Untracked |  0
|    4|0x00000000a0400000, 0x00000000a04ffff0, 0x00000000a0500000| 99%| O|  |TAMS 0x00000000a0400000| PB 0x00000000a0400000| Untracked |  0
|    5|0x00000000a0500000, 0x00000000a0600000, 0x00000000a0600000|100%| O|  |TAMS 0x00000000a0500000| PB 0x00000000a0500000| Untracked |  0
|    6|0x00000000a0600000, 0x00000000a0700000, 0x00000000a0700000|100%|HS|  |TAMS 0x00000000a0600000| PB 0x00000000a0600000| Complete  |  0
|    7|0x00000000a0700000, 0x00000000a0800000, 0x00000000a0800000|100%| O|  |TAMS 0x00000000a0700000| PB 0x00000000a0700000| Untracked |  0
|    8|0x00000000a0800000, 0x00000000a08ffff8, 0x00000000a0900000| 99%| O|  |TAMS 0x00000000a0800000| PB 0x00000000a0800000| Untracked |  0
|    9|0x00000000a0900000, 0x00000000a0a00000, 0x00000000a0a00000|100%| O|  |TAMS 0x00000000a0900000| PB 0x00000000a0900000| Untracked |  0
|   10|0x00000000a0a00000, 0x00000000a0affff8, 0x00000000a0b00000| 99%| O|  |TAMS 0x00000000a0a00000| PB 0x00000000a0a00000| Untracked |  0
|   11|0x00000000a0b00000, 0x00000000a0c00000, 0x00000000a0c00000|100%| O|  |TAMS 0x00000000a0b00000| PB 0x00000000a0b00000| Untracked |  0
|   12|0x00000000a0c00000, 0x00000000a0cffff8, 0x00000000a0d00000| 99%| O|  |TAMS 0x00000000a0c00000| PB 0x00000000a0c00000| Untracked |  0
|   13|0x00000000a0d00000, 0x00000000a0e00000, 0x00000000a0e00000|100%| O|  |TAMS 0x00000000a0d00000| PB 0x00000000a0d00000| Untracked |  0
|   14|0x00000000a0e00000, 0x00000000a0efffd0, 0x00000000a0f00000| 99%| O|  |TAMS 0x00000000a0e00000| PB 0x00000000a0e00000| Untracked |  0
|   15|0x00000000a0f00000, 0x00000000a0fffff8, 0x00000000a1000000| 99%| O|  |TAMS 0x00000000a0f00000| PB 0x00000000a0f00000| Untracked |  0
|   16|0x00000000a1000000, 0x00000000a1100000, 0x00000000a1100000|100%| O|  |TAMS 0x00000000a1000000| PB 0x00000000a1000000| Untracked |  0
|   17|0x00000000a1100000, 0x00000000a1200000, 0x00000000a1200000|100%| O|  |TAMS 0x00000000a1100000| PB 0x00000000a1100000| Untracked |  0
|   18|0x00000000a1200000, 0x00000000a1300000, 0x00000000a1300000|100%| O|  |TAMS 0x00000000a1200000| PB 0x00000000a1200000| Untracked |  0
|   19|0x00000000a1300000, 0x00000000a13fffe8, 0x00000000a1400000| 99%| O|  |TAMS 0x00000000a1300000| PB 0x00000000a1300000| Untracked |  0
|   20|0x00000000a1400000, 0x00000000a14fffe0, 0x00000000a1500000| 99%| O|  |TAMS 0x00000000a1400000| PB 0x00000000a1400000| Untracked |  0
|   21|0x00000000a1500000, 0x00000000a1600000, 0x00000000a1600000|100%|HS|  |TAMS 0x00000000a1500000| PB 0x00000000a1500000| Complete  |  0
|   22|0x00000000a1600000, 0x00000000a1700000, 0x00000000a1700000|100%| O|  |TAMS 0x00000000a1600000| PB 0x00000000a1600000| Untracked |  0
|   23|0x00000000a1700000, 0x00000000a17fffc0, 0x00000000a1800000| 99%| O|  |TAMS 0x00000000a1700000| PB 0x00000000a1700000| Untracked |  0
|   24|0x00000000a1800000, 0x00000000a18ffff0, 0x00000000a1900000| 99%| O|  |TAMS 0x00000000a1800000| PB 0x00000000a1800000| Untracked |  0
|   25|0x00000000a1900000, 0x00000000a19ffff0, 0x00000000a1a00000| 99%| O|  |TAMS 0x00000000a1900000| PB 0x00000000a1900000| Untracked |  0
|   26|0x00000000a1a00000, 0x00000000a1affff8, 0x00000000a1b00000| 99%| O|  |TAMS 0x00000000a1a00000| PB 0x00000000a1a00000| Untracked |  0
|   27|0x00000000a1b00000, 0x00000000a1c00000, 0x00000000a1c00000|100%| O|  |TAMS 0x00000000a1b00000| PB 0x00000000a1b00000| Untracked |  0
|   28|0x00000000a1c00000, 0x00000000a1cfffe0, 0x00000000a1d00000| 99%| O|  |TAMS 0x00000000a1c00000| PB 0x00000000a1c00000| Untracked |  0
|   29|0x00000000a1d00000, 0x00000000a1dfffc0, 0x00000000a1e00000| 99%| O|  |TAMS 0x00000000a1d00000| PB 0x00000000a1d00000| Untracked |  0
|   30|0x00000000a1e00000, 0x00000000a1f00000, 0x00000000a1f00000|100%| O|  |TAMS 0x00000000a1e00000| PB 0x00000000a1e00000| Untracked |  0
|   31|0x00000000a1f00000, 0x00000000a2000000, 0x00000000a2000000|100%| O|  |TAMS 0x00000000a1f00000| PB 0x00000000a1f00000| Untracked |  0
|   32|0x00000000a2000000, 0x00000000a20ffff8, 0x00000000a2100000| 99%| O|  |TAMS 0x00000000a2000000| PB 0x00000000a2000000| Untracked |  0
|   33|0x00000000a2100000, 0x00000000a21ffff8, 0x00000000a2200000| 99%| O|  |TAMS 0x00000000a2100000| PB 0x00000000a2100000| Untracked |  0
|   34|0x00000000a2200000, 0x00000000a22ffff0, 0x00000000a2300000| 99%| O|  |TAMS 0x00000000a2200000| PB 0x00000000a2200000| Untracked |  0
|   35|0x00000000a2300000, 0x00000000a23ffff0, 0x00000000a2400000| 99%| O|  |TAMS 0x00000000a2300000| PB 0x00000000a2300000| Untracked |  0
|   36|0x00000000a2400000, 0x00000000a24ffff0, 0x00000000a2500000| 99%| O|  |TAMS 0x00000000a2400000| PB 0x00000000a2400000| Untracked |  0
|   37|0x00000000a2500000, 0x00000000a2600000, 0x00000000a2600000|100%|HS|  |TAMS 0x00000000a2500000| PB 0x00000000a2500000| Untracked |  0
|   38|0x00000000a2600000, 0x00000000a26ffff0, 0x00000000a2700000| 99%| O|  |TAMS 0x00000000a2600000| PB 0x00000000a2600000| Untracked |  0
|   39|0x00000000a2700000, 0x00000000a27ffff8, 0x00000000a2800000| 99%| O|  |TAMS 0x00000000a2700000| PB 0x00000000a2700000| Untracked |  0
|   40|0x00000000a2800000, 0x00000000a28fffe8, 0x00000000a2900000| 99%| O|  |TAMS 0x00000000a2800000| PB 0x00000000a2800000| Untracked |  0
|   41|0x00000000a2900000, 0x00000000a29fffa8, 0x00000000a2a00000| 99%| O|  |TAMS 0x00000000a2900000| PB 0x00000000a2900000| Untracked |  0
|   42|0x00000000a2a00000, 0x00000000a2affff0, 0x00000000a2b00000| 99%| O|  |TAMS 0x00000000a2a00000| PB 0x00000000a2a00000| Untracked |  0
|   43|0x00000000a2b00000, 0x00000000a2bfc750, 0x00000000a2c00000| 98%| O|  |TAMS 0x00000000a2b00000| PB 0x00000000a2b00000| Untracked |  0
|   44|0x00000000a2c00000, 0x00000000a2d00000, 0x00000000a2d00000|100%| O|  |TAMS 0x00000000a2c00000| PB 0x00000000a2c00000| Untracked |  0
|   45|0x00000000a2d00000, 0x00000000a2dffff0, 0x00000000a2e00000| 99%| O|  |TAMS 0x00000000a2d00000| PB 0x00000000a2d00000| Untracked |  0
|   46|0x00000000a2e00000, 0x00000000a2effff8, 0x00000000a2f00000| 99%| O|  |TAMS 0x00000000a2e00000| PB 0x00000000a2e00000| Untracked |  0
|   47|0x00000000a2f00000, 0x00000000a2ffffd0, 0x00000000a3000000| 99%| O|  |TAMS 0x00000000a2f00000| PB 0x00000000a2f00000| Untracked |  0
|   48|0x00000000a3000000, 0x00000000a3100000, 0x00000000a3100000|100%| O|  |TAMS 0x00000000a3000000| PB 0x00000000a3000000| Untracked |  0
|   49|0x00000000a3100000, 0x00000000a3200000, 0x00000000a3200000|100%| O|  |TAMS 0x00000000a3100000| PB 0x00000000a3100000| Untracked |  0
|   50|0x00000000a3200000, 0x00000000a32fffe8, 0x00000000a3300000| 99%| O|  |TAMS 0x00000000a3200000| PB 0x00000000a3200000| Untracked |  0
|   51|0x00000000a3300000, 0x00000000a33fffc0, 0x00000000a3400000| 99%| O|  |TAMS 0x00000000a3300000| PB 0x00000000a3300000| Untracked |  0
|   52|0x00000000a3400000, 0x00000000a34ffff0, 0x00000000a3500000| 99%| O|  |TAMS 0x00000000a3400000| PB 0x00000000a3400000| Untracked |  0
|   53|0x00000000a3500000, 0x00000000a3600000, 0x00000000a3600000|100%| O|  |TAMS 0x00000000a3500000| PB 0x00000000a3500000| Untracked |  0
|   54|0x00000000a3600000, 0x00000000a36fffd8, 0x00000000a3700000| 99%| O|  |TAMS 0x00000000a3600000| PB 0x00000000a3600000| Untracked |  0
|   55|0x00000000a3700000, 0x00000000a37ffff8, 0x00000000a3800000| 99%| O|  |TAMS 0x00000000a3700000| PB 0x00000000a3700000| Untracked |  0
|   56|0x00000000a3800000, 0x00000000a3900000, 0x00000000a3900000|100%| O|  |TAMS 0x00000000a3800000| PB 0x00000000a3800000| Untracked |  0
|   57|0x00000000a3900000, 0x00000000a3a00000, 0x00000000a3a00000|100%| O|  |TAMS 0x00000000a3900000| PB 0x00000000a3900000| Untracked |  0
|   58|0x00000000a3a00000, 0x00000000a3affd38, 0x00000000a3b00000| 99%| O|  |TAMS 0x00000000a3a00000| PB 0x00000000a3a00000| Untracked |  0
|   59|0x00000000a3b00000, 0x00000000a3c00000, 0x00000000a3c00000|100%| O|  |TAMS 0x00000000a3b00000| PB 0x00000000a3b00000| Untracked |  0
|   60|0x00000000a3c00000, 0x00000000a3d00000, 0x00000000a3d00000|100%| O|  |TAMS 0x00000000a3c00000| PB 0x00000000a3c00000| Untracked |  0
|   61|0x00000000a3d00000, 0x00000000a3e00000, 0x00000000a3e00000|100%| O|  |TAMS 0x00000000a3d00000| PB 0x00000000a3d00000| Untracked |  0
|   62|0x00000000a3e00000, 0x00000000a3f00000, 0x00000000a3f00000|100%| O|  |TAMS 0x00000000a3e00000| PB 0x00000000a3e00000| Untracked |  0
|   63|0x00000000a3f00000, 0x00000000a4000000, 0x00000000a4000000|100%| O|  |TAMS 0x00000000a3f00000| PB 0x00000000a3f00000| Untracked |  0
|   64|0x00000000a4000000, 0x00000000a40ffff8, 0x00000000a4100000| 99%| O|  |TAMS 0x00000000a4000000| PB 0x00000000a4000000| Untracked |  0
|   65|0x00000000a4100000, 0x00000000a4200000, 0x00000000a4200000|100%| O|  |TAMS 0x00000000a4100000| PB 0x00000000a4100000| Untracked |  0
|   66|0x00000000a4200000, 0x00000000a4300000, 0x00000000a4300000|100%| O|  |TAMS 0x00000000a4200000| PB 0x00000000a4200000| Untracked |  0
|   67|0x00000000a4300000, 0x00000000a4400000, 0x00000000a4400000|100%| O|  |TAMS 0x00000000a4300000| PB 0x00000000a4300000| Untracked |  0
|   68|0x00000000a4400000, 0x00000000a4500000, 0x00000000a4500000|100%| O|  |TAMS 0x00000000a4400000| PB 0x00000000a4400000| Untracked |  0
|   69|0x00000000a4500000, 0x00000000a4600000, 0x00000000a4600000|100%| O|  |TAMS 0x00000000a4500000| PB 0x00000000a4500000| Untracked |  0
|   70|0x00000000a4600000, 0x00000000a4700000, 0x00000000a4700000|100%| O|  |TAMS 0x00000000a4600000| PB 0x00000000a4600000| Untracked |  0
|   71|0x00000000a4700000, 0x00000000a47ffff8, 0x00000000a4800000| 99%| O|  |TAMS 0x00000000a4700000| PB 0x00000000a4700000| Untracked |  0
|   72|0x00000000a4800000, 0x00000000a4900000, 0x00000000a4900000|100%| O|  |TAMS 0x00000000a4800000| PB 0x00000000a4800000| Untracked |  0
|   73|0x00000000a4900000, 0x00000000a4a00000, 0x00000000a4a00000|100%| O|  |TAMS 0x00000000a4900000| PB 0x00000000a4900000| Untracked |  0
|   74|0x00000000a4a00000, 0x00000000a4b00000, 0x00000000a4b00000|100%| O|  |TAMS 0x00000000a4a00000| PB 0x00000000a4a00000| Untracked |  0
|   75|0x00000000a4b00000, 0x00000000a4bffff0, 0x00000000a4c00000| 99%| O|  |TAMS 0x00000000a4b00000| PB 0x00000000a4b00000| Untracked |  0
|   76|0x00000000a4c00000, 0x00000000a4d00000, 0x00000000a4d00000|100%| O|  |TAMS 0x00000000a4c00000| PB 0x00000000a4c00000| Untracked |  0
|   77|0x00000000a4d00000, 0x00000000a4e00000, 0x00000000a4e00000|100%| O|  |TAMS 0x00000000a4d00000| PB 0x00000000a4d00000| Untracked |  0
|   78|0x00000000a4e00000, 0x00000000a4f00000, 0x00000000a4f00000|100%| O|  |TAMS 0x00000000a4e00000| PB 0x00000000a4e00000| Untracked |  0
|   79|0x00000000a4f00000, 0x00000000a5000000, 0x00000000a5000000|100%| O|  |TAMS 0x00000000a4f00000| PB 0x00000000a4f00000| Untracked |  0
|   80|0x00000000a5000000, 0x00000000a50fffe0, 0x00000000a5100000| 99%| O|  |TAMS 0x00000000a5000000| PB 0x00000000a5000000| Untracked |  0
|   81|0x00000000a5100000, 0x00000000a51fffe0, 0x00000000a5200000| 99%| O|  |TAMS 0x00000000a5100000| PB 0x00000000a5100000| Untracked |  0
|   82|0x00000000a5200000, 0x00000000a52ffff0, 0x00000000a5300000| 99%| O|  |TAMS 0x00000000a5200000| PB 0x00000000a5200000| Untracked |  0
|   83|0x00000000a5300000, 0x00000000a53fff68, 0x00000000a5400000| 99%| O|  |TAMS 0x00000000a5300000| PB 0x00000000a5300000| Untracked |  0
|   84|0x00000000a5400000, 0x00000000a54ffca0, 0x00000000a5500000| 99%| O|  |TAMS 0x00000000a5400000| PB 0x00000000a5400000| Untracked |  0
|   85|0x00000000a5500000, 0x00000000a55fffa8, 0x00000000a5600000| 99%| O|  |TAMS 0x00000000a5500000| PB 0x00000000a5500000| Untracked |  0
|   86|0x00000000a5600000, 0x00000000a56ffff8, 0x00000000a5700000| 99%| O|  |TAMS 0x00000000a5600000| PB 0x00000000a5600000| Untracked |  0
|   87|0x00000000a5700000, 0x00000000a57fea70, 0x00000000a5800000| 99%| O|  |TAMS 0x00000000a5700000| PB 0x00000000a5700000| Untracked |  0
|   88|0x00000000a5800000, 0x00000000a58fff68, 0x00000000a5900000| 99%| O|  |TAMS 0x00000000a5800000| PB 0x00000000a5800000| Untracked |  0
|   89|0x00000000a5900000, 0x00000000a59fffc8, 0x00000000a5a00000| 99%| O|  |TAMS 0x00000000a5900000| PB 0x00000000a5900000| Untracked |  0
|   90|0x00000000a5a00000, 0x00000000a5b00000, 0x00000000a5b00000|100%| O|  |TAMS 0x00000000a5a00000| PB 0x00000000a5a00000| Untracked |  0
|   91|0x00000000a5b00000, 0x00000000a5bffff0, 0x00000000a5c00000| 99%| O|  |TAMS 0x00000000a5b00000| PB 0x00000000a5b00000| Untracked |  0
|   92|0x00000000a5c00000, 0x00000000a5cffff0, 0x00000000a5d00000| 99%| O|  |TAMS 0x00000000a5c00000| PB 0x00000000a5c00000| Untracked |  0
|   93|0x00000000a5d00000, 0x00000000a5e00000, 0x00000000a5e00000|100%| O|  |TAMS 0x00000000a5d00000| PB 0x00000000a5d00000| Untracked |  0
|   94|0x00000000a5e00000, 0x00000000a5effff0, 0x00000000a5f00000| 99%| O|  |TAMS 0x00000000a5e00000| PB 0x00000000a5e00000| Untracked |  0
|   95|0x00000000a5f00000, 0x00000000a5fffff8, 0x00000000a6000000| 99%| O|  |TAMS 0x00000000a5f00000| PB 0x00000000a5f00000| Untracked |  0
|   96|0x00000000a6000000, 0x00000000a6100000, 0x00000000a6100000|100%| O|Cm|TAMS 0x00000000a6000000| PB 0x00000000a6000000| Complete  |  0
|   97|0x00000000a6100000, 0x00000000a61ffff8, 0x00000000a6200000| 99%| O|  |TAMS 0x00000000a6100000| PB 0x00000000a6100000| Untracked |  0
|   98|0x00000000a6200000, 0x00000000a6300000, 0x00000000a6300000|100%| O|Cm|TAMS 0x00000000a6200000| PB 0x00000000a6200000| Complete  |  0
|   99|0x00000000a6300000, 0x00000000a6400000, 0x00000000a6400000|100%| O|  |TAMS 0x00000000a6300000| PB 0x00000000a6300000| Untracked |  0
|  100|0x00000000a6400000, 0x00000000a648e008, 0x00000000a6500000| 55%| O|  |TAMS 0x00000000a6400000| PB 0x00000000a6400000| Untracked |  0
|  101|0x00000000a6500000, 0x00000000a6600000, 0x00000000a6600000|100%| O|  |TAMS 0x00000000a6500000| PB 0x00000000a6500000| Untracked |  0
|  102|0x00000000a6600000, 0x00000000a66fff90, 0x00000000a6700000| 99%| O|  |TAMS 0x00000000a6600000| PB 0x00000000a6600000| Untracked |  0
|  103|0x00000000a6700000, 0x00000000a67ff428, 0x00000000a6800000| 99%| O|  |TAMS 0x00000000a6700000| PB 0x00000000a6700000| Untracked |  0
|  104|0x00000000a6800000, 0x00000000a689eb80, 0x00000000a6900000| 61%| O|  |TAMS 0x00000000a6800000| PB 0x00000000a6800000| Untracked |  0
|  105|0x00000000a6900000, 0x00000000a6a00000, 0x00000000a6a00000|100%| O|Cm|TAMS 0x00000000a6900000| PB 0x00000000a6900000| Complete  |  0
|  106|0x00000000a6a00000, 0x00000000a6affa70, 0x00000000a6b00000| 99%| O|  |TAMS 0x00000000a6a00000| PB 0x00000000a6a00000| Untracked |  0
|  107|0x00000000a6b00000, 0x00000000a6c00000, 0x00000000a6c00000|100%| O|  |TAMS 0x00000000a6b00000| PB 0x00000000a6b00000| Untracked |  0
|  108|0x00000000a6c00000, 0x00000000a6c00000, 0x00000000a6d00000|  0%| F|  |TAMS 0x00000000a6c00000| PB 0x00000000a6c00000| Untracked |  0
|  109|0x00000000a6d00000, 0x00000000a6e00000, 0x00000000a6e00000|100%|HS|  |TAMS 0x00000000a6d00000| PB 0x00000000a6d00000| Complete  |  0
|  110|0x00000000a6e00000, 0x00000000a6f00000, 0x00000000a6f00000|100%| O|Cm|TAMS 0x00000000a6e00000| PB 0x00000000a6e00000| Complete  |  0
|  111|0x00000000a6f00000, 0x00000000a6ffd7a0, 0x00000000a7000000| 99%| O|  |TAMS 0x00000000a6f00000| PB 0x00000000a6f00000| Untracked |  0
|  112|0x00000000a7000000, 0x00000000a7100000, 0x00000000a7100000|100%|HS|  |TAMS 0x00000000a7000000| PB 0x00000000a7000000| Complete  |  0
|  113|0x00000000a7100000, 0x00000000a7200000, 0x00000000a7200000|100%| O|  |TAMS 0x00000000a7100000| PB 0x00000000a7100000| Untracked |  0
|  114|0x00000000a7200000, 0x00000000a7300000, 0x00000000a7300000|100%| O|Cm|TAMS 0x00000000a7200000| PB 0x00000000a7200000| Complete  |  0
|  115|0x00000000a7300000, 0x00000000a7400000, 0x00000000a7400000|100%| O|Cm|TAMS 0x00000000a7300000| PB 0x00000000a7300000| Complete  |  0
|  116|0x00000000a7400000, 0x00000000a7400000, 0x00000000a7500000|  0%| F|  |TAMS 0x00000000a7400000| PB 0x00000000a7400000| Untracked |  0
|  117|0x00000000a7500000, 0x00000000a7600000, 0x00000000a7600000|100%| O|Cm|TAMS 0x00000000a7500000| PB 0x00000000a7500000| Complete  |  0
|  118|0x00000000a7600000, 0x00000000a7700000, 0x00000000a7700000|100%| O|Cm|TAMS 0x00000000a7600000| PB 0x00000000a7600000| Complete  |  0
|  119|0x00000000a7700000, 0x00000000a77fffe8, 0x00000000a7800000| 99%| O|  |TAMS 0x00000000a7700000| PB 0x00000000a7700000| Untracked |  0
|  120|0x00000000a7800000, 0x00000000a7800000, 0x00000000a7900000|  0%| F|  |TAMS 0x00000000a7800000| PB 0x00000000a7800000| Untracked |  0
|  121|0x00000000a7900000, 0x00000000a7900000, 0x00000000a7a00000|  0%| F|  |TAMS 0x00000000a7900000| PB 0x00000000a7900000| Untracked |  0
|  122|0x00000000a7a00000, 0x00000000a7b00000, 0x00000000a7b00000|100%| O|Cm|TAMS 0x00000000a7a00000| PB 0x00000000a7a00000| Complete  |  0
|  123|0x00000000a7b00000, 0x00000000a7c00000, 0x00000000a7c00000|100%| O|Cm|TAMS 0x00000000a7b00000| PB 0x00000000a7b00000| Complete  |  0
|  124|0x00000000a7c00000, 0x00000000a7d00000, 0x00000000a7d00000|100%| O|Cm|TAMS 0x00000000a7c00000| PB 0x00000000a7c00000| Complete  |  0
|  125|0x00000000a7d00000, 0x00000000a7e00000, 0x00000000a7e00000|100%| O|Cm|TAMS 0x00000000a7d00000| PB 0x00000000a7d00000| Complete  |  0
|  126|0x00000000a7e00000, 0x00000000a7e00000, 0x00000000a7f00000|  0%| F|  |TAMS 0x00000000a7e00000| PB 0x00000000a7e00000| Untracked |  0
|  127|0x00000000a7f00000, 0x00000000a8000000, 0x00000000a8000000|100%|HS|  |TAMS 0x00000000a7f00000| PB 0x00000000a7f00000| Complete  |  0
|  128|0x00000000a8000000, 0x00000000a8100000, 0x00000000a8100000|100%| O|  |TAMS 0x00000000a8000000| PB 0x00000000a8000000| Untracked |  0
|  129|0x00000000a8100000, 0x00000000a8200000, 0x00000000a8200000|100%| O|  |TAMS 0x00000000a8100000| PB 0x00000000a8100000| Untracked |  0
|  130|0x00000000a8200000, 0x00000000a8300000, 0x00000000a8300000|100%| O|  |TAMS 0x00000000a8200000| PB 0x00000000a8200000| Untracked |  0
|  131|0x00000000a8300000, 0x00000000a8400000, 0x00000000a8400000|100%|HS|  |TAMS 0x00000000a8300000| PB 0x00000000a8300000| Complete  |  0
|  132|0x00000000a8400000, 0x00000000a8400000, 0x00000000a8500000|  0%| F|  |TAMS 0x00000000a8400000| PB 0x00000000a8400000| Untracked |  0
|  133|0x00000000a8500000, 0x00000000a8600000, 0x00000000a8600000|100%|HS|  |TAMS 0x00000000a8500000| PB 0x00000000a8500000| Complete  |  0
|  134|0x00000000a8600000, 0x00000000a8700000, 0x00000000a8700000|100%|HS|  |TAMS 0x00000000a8600000| PB 0x00000000a8600000| Complete  |  0
|  135|0x00000000a8700000, 0x00000000a8800000, 0x00000000a8800000|100%|HS|  |TAMS 0x00000000a8700000| PB 0x00000000a8700000| Complete  |  0
|  136|0x00000000a8800000, 0x00000000a8900000, 0x00000000a8900000|100%|HS|  |TAMS 0x00000000a8800000| PB 0x00000000a8800000| Complete  |  0
|  137|0x00000000a8900000, 0x00000000a8a00000, 0x00000000a8a00000|100%|HS|  |TAMS 0x00000000a8900000| PB 0x00000000a8900000| Complete  |  0
|  138|0x00000000a8a00000, 0x00000000a8b00000, 0x00000000a8b00000|100%|HS|  |TAMS 0x00000000a8a00000| PB 0x00000000a8a00000| Complete  |  0
|  139|0x00000000a8b00000, 0x00000000a8b00000, 0x00000000a8c00000|  0%| F|  |TAMS 0x00000000a8b00000| PB 0x00000000a8b00000| Untracked |  0
|  140|0x00000000a8c00000, 0x00000000a8d00000, 0x00000000a8d00000|100%|HS|  |TAMS 0x00000000a8c00000| PB 0x00000000a8c00000| Complete  |  0
|  141|0x00000000a8d00000, 0x00000000a8e00000, 0x00000000a8e00000|100%|HS|  |TAMS 0x00000000a8d00000| PB 0x00000000a8d00000| Complete  |  0
|  142|0x00000000a8e00000, 0x00000000a8f00000, 0x00000000a8f00000|100%| O|  |TAMS 0x00000000a8e00000| PB 0x00000000a8e00000| Untracked |  0
|  143|0x00000000a8f00000, 0x00000000a9000000, 0x00000000a9000000|100%| O|  |TAMS 0x00000000a8f00000| PB 0x00000000a8f00000| Untracked |  0
|  144|0x00000000a9000000, 0x00000000a9100000, 0x00000000a9100000|100%| O|  |TAMS 0x00000000a9000000| PB 0x00000000a9000000| Untracked |  0
|  145|0x00000000a9100000, 0x00000000a9100000, 0x00000000a9200000|  0%| F|  |TAMS 0x00000000a9100000| PB 0x00000000a9100000| Untracked |  0
|  146|0x00000000a9200000, 0x00000000a9300000, 0x00000000a9300000|100%| O|  |TAMS 0x00000000a9200000| PB 0x00000000a9200000| Untracked |  0
|  147|0x00000000a9300000, 0x00000000a9400000, 0x00000000a9400000|100%|HS|  |TAMS 0x00000000a9300000| PB 0x00000000a9300000| Complete  |  0
|  148|0x00000000a9400000, 0x00000000a9500000, 0x00000000a9500000|100%| O|  |TAMS 0x00000000a9400000| PB 0x00000000a9400000| Untracked |  0
|  149|0x00000000a9500000, 0x00000000a9600000, 0x00000000a9600000|100%| O|  |TAMS 0x00000000a9500000| PB 0x00000000a9500000| Untracked |  0
|  150|0x00000000a9600000, 0x00000000a9700000, 0x00000000a9700000|100%| O|  |TAMS 0x00000000a9600000| PB 0x00000000a9600000| Untracked |  0
|  151|0x00000000a9700000, 0x00000000a9700000, 0x00000000a9800000|  0%| F|  |TAMS 0x00000000a9700000| PB 0x00000000a9700000| Untracked |  0
|  152|0x00000000a9800000, 0x00000000a9900000, 0x00000000a9900000|100%| O|Cm|TAMS 0x00000000a9800000| PB 0x00000000a9800000| Complete  |  0
|  153|0x00000000a9900000, 0x00000000a9a00000, 0x00000000a9a00000|100%| O|  |TAMS 0x00000000a9900000| PB 0x00000000a9900000| Untracked |  0
|  154|0x00000000a9a00000, 0x00000000a9b00000, 0x00000000a9b00000|100%|HS|  |TAMS 0x00000000a9a00000| PB 0x00000000a9a00000| Complete  |  0
|  155|0x00000000a9b00000, 0x00000000a9b00000, 0x00000000a9c00000|  0%| F|  |TAMS 0x00000000a9b00000| PB 0x00000000a9b00000| Untracked |  0
|  156|0x00000000a9c00000, 0x00000000a9d00000, 0x00000000a9d00000|100%| O|Cm|TAMS 0x00000000a9c00000| PB 0x00000000a9c00000| Complete  |  0
|  157|0x00000000a9d00000, 0x00000000a9d00000, 0x00000000a9e00000|  0%| F|  |TAMS 0x00000000a9d00000| PB 0x00000000a9d00000| Untracked |  0
|  158|0x00000000a9e00000, 0x00000000a9f00000, 0x00000000a9f00000|100%|HS|  |TAMS 0x00000000a9e00000| PB 0x00000000a9e00000| Complete  |  0
|  159|0x00000000a9f00000, 0x00000000aa000000, 0x00000000aa000000|100%| O|  |TAMS 0x00000000a9f00000| PB 0x00000000a9f00000| Untracked |  0
|  160|0x00000000aa000000, 0x00000000aa000000, 0x00000000aa100000|  0%| F|  |TAMS 0x00000000aa000000| PB 0x00000000aa000000| Untracked |  0
|  161|0x00000000aa100000, 0x00000000aa200000, 0x00000000aa200000|100%| O|Cm|TAMS 0x00000000aa100000| PB 0x00000000aa100000| Complete  |  0
|  162|0x00000000aa200000, 0x00000000aa300000, 0x00000000aa300000|100%| O|  |TAMS 0x00000000aa200000| PB 0x00000000aa200000| Untracked |  0
|  163|0x00000000aa300000, 0x00000000aa300000, 0x00000000aa400000|  0%| F|  |TAMS 0x00000000aa300000| PB 0x00000000aa300000| Untracked |  0
|  164|0x00000000aa400000, 0x00000000aa400000, 0x00000000aa500000|  0%| F|  |TAMS 0x00000000aa400000| PB 0x00000000aa400000| Untracked |  0
|  165|0x00000000aa500000, 0x00000000aa600000, 0x00000000aa600000|100%| O|Cm|TAMS 0x00000000aa500000| PB 0x00000000aa500000| Complete  |  0
|  166|0x00000000aa600000, 0x00000000aa600000, 0x00000000aa700000|  0%| F|  |TAMS 0x00000000aa600000| PB 0x00000000aa600000| Untracked |  0
|  167|0x00000000aa700000, 0x00000000aa700000, 0x00000000aa800000|  0%| F|  |TAMS 0x00000000aa700000| PB 0x00000000aa700000| Untracked |  0
|  168|0x00000000aa800000, 0x00000000aa900000, 0x00000000aa900000|100%| O|  |TAMS 0x00000000aa800000| PB 0x00000000aa800000| Untracked |  0
|  169|0x00000000aa900000, 0x00000000aa900000, 0x00000000aaa00000|  0%| F|  |TAMS 0x00000000aa900000| PB 0x00000000aa900000| Untracked |  0
|  170|0x00000000aaa00000, 0x00000000aaa00000, 0x00000000aab00000|  0%| F|  |TAMS 0x00000000aaa00000| PB 0x00000000aaa00000| Untracked |  0
|  171|0x00000000aab00000, 0x00000000aac00000, 0x00000000aac00000|100%| O|  |TAMS 0x00000000aab00000| PB 0x00000000aab00000| Untracked |  0
|  172|0x00000000aac00000, 0x00000000aad00000, 0x00000000aad00000|100%| O|Cm|TAMS 0x00000000aac00000| PB 0x00000000aac00000| Complete  |  0
|  173|0x00000000aad00000, 0x00000000aae00000, 0x00000000aae00000|100%| O|  |TAMS 0x00000000aad00000| PB 0x00000000aad00000| Untracked |  0
|  174|0x00000000aae00000, 0x00000000aaf00000, 0x00000000aaf00000|100%| O|  |TAMS 0x00000000aae00000| PB 0x00000000aae00000| Untracked |  0
|  175|0x00000000aaf00000, 0x00000000ab000000, 0x00000000ab000000|100%| O|Cm|TAMS 0x00000000aaf00000| PB 0x00000000aaf00000| Complete  |  0
|  176|0x00000000ab000000, 0x00000000ab100000, 0x00000000ab100000|100%| O|Cm|TAMS 0x00000000ab000000| PB 0x00000000ab000000| Complete  |  0
|  177|0x00000000ab100000, 0x00000000ab200000, 0x00000000ab200000|100%| O|  |TAMS 0x00000000ab100000| PB 0x00000000ab100000| Untracked |  0
|  178|0x00000000ab200000, 0x00000000ab300000, 0x00000000ab300000|100%| O|Cm|TAMS 0x00000000ab200000| PB 0x00000000ab200000| Complete  |  0
|  179|0x00000000ab300000, 0x00000000ab400000, 0x00000000ab400000|100%| O|Cm|TAMS 0x00000000ab300000| PB 0x00000000ab300000| Complete  |  0
|  180|0x00000000ab400000, 0x00000000ab500000, 0x00000000ab500000|100%| O|  |TAMS 0x00000000ab400000| PB 0x00000000ab400000| Untracked |  0
|  181|0x00000000ab500000, 0x00000000ab600000, 0x00000000ab600000|100%| O|  |TAMS 0x00000000ab500000| PB 0x00000000ab500000| Untracked |  0
|  182|0x00000000ab600000, 0x00000000ab700000, 0x00000000ab700000|100%| O|Cm|TAMS 0x00000000ab600000| PB 0x00000000ab600000| Complete  |  0
|  183|0x00000000ab700000, 0x00000000ab800000, 0x00000000ab800000|100%| O|  |TAMS 0x00000000ab700000| PB 0x00000000ab700000| Untracked |  0
|  184|0x00000000ab800000, 0x00000000ab900000, 0x00000000ab900000|100%| O|  |TAMS 0x00000000ab800000| PB 0x00000000ab800000| Untracked |  0
|  185|0x00000000ab900000, 0x00000000aba00000, 0x00000000aba00000|100%| O|  |TAMS 0x00000000ab900000| PB 0x00000000ab900000| Untracked |  0
|  186|0x00000000aba00000, 0x00000000abb00000, 0x00000000abb00000|100%| O|  |TAMS 0x00000000aba00000| PB 0x00000000aba00000| Untracked |  0
|  187|0x00000000abb00000, 0x00000000abc00000, 0x00000000abc00000|100%| O|  |TAMS 0x00000000abb00000| PB 0x00000000abb00000| Untracked |  0
|  188|0x00000000abc00000, 0x00000000abd00000, 0x00000000abd00000|100%| O|  |TAMS 0x00000000abc00000| PB 0x00000000abc00000| Untracked |  0
|  189|0x00000000abd00000, 0x00000000abe00000, 0x00000000abe00000|100%| O|  |TAMS 0x00000000abd00000| PB 0x00000000abd00000| Untracked |  0
|  190|0x00000000abe00000, 0x00000000abf00000, 0x00000000abf00000|100%| O|  |TAMS 0x00000000abe00000| PB 0x00000000abe00000| Untracked |  0
|  191|0x00000000abf00000, 0x00000000ac000000, 0x00000000ac000000|100%| O|  |TAMS 0x00000000abf00000| PB 0x00000000abf00000| Untracked |  0
|  192|0x00000000ac000000, 0x00000000ac100000, 0x00000000ac100000|100%| O|  |TAMS 0x00000000ac000000| PB 0x00000000ac000000| Untracked |  0
|  193|0x00000000ac100000, 0x00000000ac200000, 0x00000000ac200000|100%| O|  |TAMS 0x00000000ac100000| PB 0x00000000ac100000| Untracked |  0
|  194|0x00000000ac200000, 0x00000000ac300000, 0x00000000ac300000|100%| O|  |TAMS 0x00000000ac200000| PB 0x00000000ac200000| Untracked |  0
|  195|0x00000000ac300000, 0x00000000ac400000, 0x00000000ac400000|100%| O|  |TAMS 0x00000000ac300000| PB 0x00000000ac300000| Untracked |  0
|  196|0x00000000ac400000, 0x00000000ac500000, 0x00000000ac500000|100%| O|Cm|TAMS 0x00000000ac400000| PB 0x00000000ac400000| Complete  |  0
|  197|0x00000000ac500000, 0x00000000ac600000, 0x00000000ac600000|100%| O|  |TAMS 0x00000000ac500000| PB 0x00000000ac500000| Untracked |  0
|  198|0x00000000ac600000, 0x00000000ac700000, 0x00000000ac700000|100%| O|  |TAMS 0x00000000ac600000| PB 0x00000000ac600000| Untracked |  0
|  199|0x00000000ac700000, 0x00000000ac800000, 0x00000000ac800000|100%| O|  |TAMS 0x00000000ac700000| PB 0x00000000ac700000| Untracked |  0
|  200|0x00000000ac800000, 0x00000000ac900000, 0x00000000ac900000|100%| O|  |TAMS 0x00000000ac800000| PB 0x00000000ac800000| Untracked |  0
|  201|0x00000000ac900000, 0x00000000aca00000, 0x00000000aca00000|100%| O|  |TAMS 0x00000000ac900000| PB 0x00000000ac900000| Untracked |  0
|  202|0x00000000aca00000, 0x00000000aca00000, 0x00000000acb00000|  0%| F|  |TAMS 0x00000000aca00000| PB 0x00000000aca00000| Untracked |  0
|  203|0x00000000acb00000, 0x00000000acc00000, 0x00000000acc00000|100%| O|  |TAMS 0x00000000acb00000| PB 0x00000000acb00000| Untracked |  0
|  204|0x00000000acc00000, 0x00000000acd00000, 0x00000000acd00000|100%| O|  |TAMS 0x00000000acc00000| PB 0x00000000acc00000| Untracked |  0
|  205|0x00000000acd00000, 0x00000000ace00000, 0x00000000ace00000|100%| O|  |TAMS 0x00000000acd00000| PB 0x00000000acd00000| Untracked |  0
|  206|0x00000000ace00000, 0x00000000acf00000, 0x00000000acf00000|100%| O|  |TAMS 0x00000000ace00000| PB 0x00000000ace00000| Untracked |  0
|  207|0x00000000acf00000, 0x00000000ad000000, 0x00000000ad000000|100%| O|  |TAMS 0x00000000acf00000| PB 0x00000000acf00000| Untracked |  0
|  208|0x00000000ad000000, 0x00000000ad100000, 0x00000000ad100000|100%| O|  |TAMS 0x00000000ad000000| PB 0x00000000ad000000| Untracked |  0
|  209|0x00000000ad100000, 0x00000000ad200000, 0x00000000ad200000|100%| O|  |TAMS 0x00000000ad100000| PB 0x00000000ad100000| Untracked |  0
|  210|0x00000000ad200000, 0x00000000ad300000, 0x00000000ad300000|100%| O|  |TAMS 0x00000000ad200000| PB 0x00000000ad200000| Untracked |  0
|  211|0x00000000ad300000, 0x00000000ad400000, 0x00000000ad400000|100%| O|  |TAMS 0x00000000ad300000| PB 0x00000000ad300000| Untracked |  0
|  212|0x00000000ad400000, 0x00000000ad500000, 0x00000000ad500000|100%| O|  |TAMS 0x00000000ad400000| PB 0x00000000ad400000| Untracked |  0
|  213|0x00000000ad500000, 0x00000000ad600000, 0x00000000ad600000|100%| O|  |TAMS 0x00000000ad500000| PB 0x00000000ad500000| Untracked |  0
|  214|0x00000000ad600000, 0x00000000ad700000, 0x00000000ad700000|100%| O|  |TAMS 0x00000000ad600000| PB 0x00000000ad600000| Untracked |  0
|  215|0x00000000ad700000, 0x00000000ad800000, 0x00000000ad800000|100%| O|  |TAMS 0x00000000ad700000| PB 0x00000000ad700000| Untracked |  0
|  216|0x00000000ad800000, 0x00000000ad900000, 0x00000000ad900000|100%| O|  |TAMS 0x00000000ad800000| PB 0x00000000ad800000| Untracked |  0
|  217|0x00000000ad900000, 0x00000000ada00000, 0x00000000ada00000|100%| O|  |TAMS 0x00000000ad900000| PB 0x00000000ad900000| Untracked |  0
|  218|0x00000000ada00000, 0x00000000adb00000, 0x00000000adb00000|100%| O|  |TAMS 0x00000000ada00000| PB 0x00000000ada00000| Untracked |  0
|  219|0x00000000adb00000, 0x00000000adc00000, 0x00000000adc00000|100%| O|  |TAMS 0x00000000adb00000| PB 0x00000000adb00000| Untracked |  0
|  220|0x00000000adc00000, 0x00000000add00000, 0x00000000add00000|100%| O|Cm|TAMS 0x00000000adc00000| PB 0x00000000adc00000| Complete  |  0
|  221|0x00000000add00000, 0x00000000add00000, 0x00000000ade00000|  0%| F|  |TAMS 0x00000000add00000| PB 0x00000000add00000| Untracked |  0
|  222|0x00000000ade00000, 0x00000000ade00000, 0x00000000adf00000|  0%| F|  |TAMS 0x00000000ade00000| PB 0x00000000ade00000| Untracked |  0
|  223|0x00000000adf00000, 0x00000000ae000000, 0x00000000ae000000|100%| O|  |TAMS 0x00000000adf00000| PB 0x00000000adf00000| Untracked |  0
|  224|0x00000000ae000000, 0x00000000ae100000, 0x00000000ae100000|100%| O|  |TAMS 0x00000000ae000000| PB 0x00000000ae000000| Untracked |  0
|  225|0x00000000ae100000, 0x00000000ae200000, 0x00000000ae200000|100%| O|  |TAMS 0x00000000ae100000| PB 0x00000000ae100000| Untracked |  0
|  226|0x00000000ae200000, 0x00000000ae300000, 0x00000000ae300000|100%| O|  |TAMS 0x00000000ae200000| PB 0x00000000ae200000| Untracked |  0
|  227|0x00000000ae300000, 0x00000000ae400000, 0x00000000ae400000|100%| O|  |TAMS 0x00000000ae300000| PB 0x00000000ae300000| Untracked |  0
|  228|0x00000000ae400000, 0x00000000ae500000, 0x00000000ae500000|100%| O|  |TAMS 0x00000000ae400000| PB 0x00000000ae400000| Untracked |  0
|  229|0x00000000ae500000, 0x00000000ae500000, 0x00000000ae600000|  0%| F|  |TAMS 0x00000000ae500000| PB 0x00000000ae500000| Untracked |  0
|  230|0x00000000ae600000, 0x00000000ae700000, 0x00000000ae700000|100%| O|  |TAMS 0x00000000ae600000| PB 0x00000000ae600000| Untracked |  0
|  231|0x00000000ae700000, 0x00000000ae800000, 0x00000000ae800000|100%| O|  |TAMS 0x00000000ae700000| PB 0x00000000ae700000| Untracked |  0
|  232|0x00000000ae800000, 0x00000000ae900000, 0x00000000ae900000|100%| O|  |TAMS 0x00000000ae800000| PB 0x00000000ae800000| Untracked |  0
|  233|0x00000000ae900000, 0x00000000aea00000, 0x00000000aea00000|100%| O|Cm|TAMS 0x00000000ae900000| PB 0x00000000ae900000| Complete  |  0
|  234|0x00000000aea00000, 0x00000000aeb00000, 0x00000000aeb00000|100%| O|Cm|TAMS 0x00000000aea00000| PB 0x00000000aea00000| Complete  |  0
|  235|0x00000000aeb00000, 0x00000000aeb00000, 0x00000000aec00000|  0%| F|  |TAMS 0x00000000aeb00000| PB 0x00000000aeb00000| Untracked |  0
|  236|0x00000000aec00000, 0x00000000aec00000, 0x00000000aed00000|  0%| F|  |TAMS 0x00000000aec00000| PB 0x00000000aec00000| Untracked |  0
|  237|0x00000000aed00000, 0x00000000aee00000, 0x00000000aee00000|100%| O|  |TAMS 0x00000000aed00000| PB 0x00000000aed00000| Untracked |  0
|  238|0x00000000aee00000, 0x00000000aef00000, 0x00000000aef00000|100%|HS|  |TAMS 0x00000000aee00000| PB 0x00000000aee00000| Complete  |  0
|  239|0x00000000aef00000, 0x00000000af000000, 0x00000000af000000|100%|HC|  |TAMS 0x00000000aef00000| PB 0x00000000aef00000| Complete  |  0
|  240|0x00000000af000000, 0x00000000af100000, 0x00000000af100000|100%|HC|  |TAMS 0x00000000af000000| PB 0x00000000af000000| Complete  |  0
|  241|0x00000000af100000, 0x00000000af100000, 0x00000000af200000|  0%| F|  |TAMS 0x00000000af100000| PB 0x00000000af100000| Untracked |  0
|  242|0x00000000af200000, 0x00000000af300000, 0x00000000af300000|100%| O|  |TAMS 0x00000000af200000| PB 0x00000000af200000| Untracked |  0
|  243|0x00000000af300000, 0x00000000af400000, 0x00000000af400000|100%| O|  |TAMS 0x00000000af300000| PB 0x00000000af300000| Untracked |  0
|  244|0x00000000af400000, 0x00000000af500000, 0x00000000af500000|100%| O|  |TAMS 0x00000000af400000| PB 0x00000000af400000| Untracked |  0
|  245|0x00000000af500000, 0x00000000af600000, 0x00000000af600000|100%| O|  |TAMS 0x00000000af500000| PB 0x00000000af500000| Untracked |  0
|  246|0x00000000af600000, 0x00000000af700000, 0x00000000af700000|100%| O|  |TAMS 0x00000000af600000| PB 0x00000000af600000| Untracked |  0
|  247|0x00000000af700000, 0x00000000af800000, 0x00000000af800000|100%| O|  |TAMS 0x00000000af700000| PB 0x00000000af700000| Untracked |  0
|  248|0x00000000af800000, 0x00000000af800000, 0x00000000af900000|  0%| F|  |TAMS 0x00000000af800000| PB 0x00000000af800000| Untracked |  0
|  249|0x00000000af900000, 0x00000000af900000, 0x00000000afa00000|  0%| F|  |TAMS 0x00000000af900000| PB 0x00000000af900000| Untracked |  0
|  250|0x00000000afa00000, 0x00000000afa00000, 0x00000000afb00000|  0%| F|  |TAMS 0x00000000afa00000| PB 0x00000000afa00000| Untracked |  0
|  251|0x00000000afb00000, 0x00000000afc00000, 0x00000000afc00000|100%| O|Cm|TAMS 0x00000000afb00000| PB 0x00000000afb00000| Complete  |  0
|  252|0x00000000afc00000, 0x00000000afd00000, 0x00000000afd00000|100%| O|  |TAMS 0x00000000afc00000| PB 0x00000000afc00000| Untracked |  0
|  253|0x00000000afd00000, 0x00000000afe00000, 0x00000000afe00000|100%| O|Cm|TAMS 0x00000000afd00000| PB 0x00000000afd00000| Complete  |  0
|  254|0x00000000afe00000, 0x00000000aff00000, 0x00000000aff00000|100%| O|  |TAMS 0x00000000afe00000| PB 0x00000000afe00000| Untracked |  0
|  255|0x00000000aff00000, 0x00000000b0000000, 0x00000000b0000000|100%| O|Cm|TAMS 0x00000000aff00000| PB 0x00000000aff00000| Complete  |  0
|  256|0x00000000b0000000, 0x00000000b0100000, 0x00000000b0100000|100%| O|  |TAMS 0x00000000b0000000| PB 0x00000000b0000000| Untracked |  0
|  257|0x00000000b0100000, 0x00000000b0200000, 0x00000000b0200000|100%| O|Cm|TAMS 0x00000000b0100000| PB 0x00000000b0100000| Complete  |  0
|  258|0x00000000b0200000, 0x00000000b0300000, 0x00000000b0300000|100%| O|Cm|TAMS 0x00000000b0200000| PB 0x00000000b0200000| Complete  |  0
|  259|0x00000000b0300000, 0x00000000b0300000, 0x00000000b0400000|  0%| F|  |TAMS 0x00000000b0300000| PB 0x00000000b0300000| Untracked |  0
|  260|0x00000000b0400000, 0x00000000b0400000, 0x00000000b0500000|  0%| F|  |TAMS 0x00000000b0400000| PB 0x00000000b0400000| Untracked |  0
|  261|0x00000000b0500000, 0x00000000b0500000, 0x00000000b0600000|  0%| F|  |TAMS 0x00000000b0500000| PB 0x00000000b0500000| Untracked |  0
|  262|0x00000000b0600000, 0x00000000b0700000, 0x00000000b0700000|100%| O|Cm|TAMS 0x00000000b0600000| PB 0x00000000b0600000| Complete  |  0
|  263|0x00000000b0700000, 0x00000000b0800000, 0x00000000b0800000|100%| O|Cm|TAMS 0x00000000b0700000| PB 0x00000000b0700000| Complete  |  0
|  264|0x00000000b0800000, 0x00000000b0800000, 0x00000000b0900000|  0%| F|  |TAMS 0x00000000b0800000| PB 0x00000000b0800000| Untracked |  0
|  265|0x00000000b0900000, 0x00000000b0900000, 0x00000000b0a00000|  0%| F|  |TAMS 0x00000000b0900000| PB 0x00000000b0900000| Untracked |  0
|  266|0x00000000b0a00000, 0x00000000b0a00000, 0x00000000b0b00000|  0%| F|  |TAMS 0x00000000b0a00000| PB 0x00000000b0a00000| Untracked |  0
|  267|0x00000000b0b00000, 0x00000000b0b00000, 0x00000000b0c00000|  0%| F|  |TAMS 0x00000000b0b00000| PB 0x00000000b0b00000| Untracked |  0
|  268|0x00000000b0c00000, 0x00000000b0d00000, 0x00000000b0d00000|100%| O|Cm|TAMS 0x00000000b0c00000| PB 0x00000000b0c00000| Complete  |  0
|  269|0x00000000b0d00000, 0x00000000b0d00000, 0x00000000b0e00000|  0%| F|  |TAMS 0x00000000b0d00000| PB 0x00000000b0d00000| Untracked |  0
|  270|0x00000000b0e00000, 0x00000000b0e00000, 0x00000000b0f00000|  0%| F|  |TAMS 0x00000000b0e00000| PB 0x00000000b0e00000| Untracked |  0
|  271|0x00000000b0f00000, 0x00000000b0f00000, 0x00000000b1000000|  0%| F|  |TAMS 0x00000000b0f00000| PB 0x00000000b0f00000| Untracked |  0
|  272|0x00000000b1000000, 0x00000000b1000000, 0x00000000b1100000|  0%| F|  |TAMS 0x00000000b1000000| PB 0x00000000b1000000| Untracked |  0
|  273|0x00000000b1100000, 0x00000000b1100000, 0x00000000b1200000|  0%| F|  |TAMS 0x00000000b1100000| PB 0x00000000b1100000| Untracked |  0
|  274|0x00000000b1200000, 0x00000000b1300000, 0x00000000b1300000|100%| O|Cm|TAMS 0x00000000b1200000| PB 0x00000000b1200000| Complete  |  0
|  275|0x00000000b1300000, 0x00000000b1300000, 0x00000000b1400000|  0%| F|  |TAMS 0x00000000b1300000| PB 0x00000000b1300000| Untracked |  0
|  276|0x00000000b1400000, 0x00000000b1500000, 0x00000000b1500000|100%| O|Cm|TAMS 0x00000000b1400000| PB 0x00000000b1400000| Complete  |  0
|  277|0x00000000b1500000, 0x00000000b1600000, 0x00000000b1600000|100%| O|Cm|TAMS 0x00000000b1500000| PB 0x00000000b1500000| Complete  |  0
|  278|0x00000000b1600000, 0x00000000b1700000, 0x00000000b1700000|100%| O|  |TAMS 0x00000000b1600000| PB 0x00000000b1600000| Untracked |  0
|  279|0x00000000b1700000, 0x00000000b1800000, 0x00000000b1800000|100%| O|  |TAMS 0x00000000b1700000| PB 0x00000000b1700000| Untracked |  0
|  280|0x00000000b1800000, 0x00000000b1900000, 0x00000000b1900000|100%| O|Cm|TAMS 0x00000000b1800000| PB 0x00000000b1800000| Complete  |  0
|  281|0x00000000b1900000, 0x00000000b1900000, 0x00000000b1a00000|  0%| F|  |TAMS 0x00000000b1900000| PB 0x00000000b1900000| Untracked |  0
|  282|0x00000000b1a00000, 0x00000000b1a00000, 0x00000000b1b00000|  0%| F|  |TAMS 0x00000000b1a00000| PB 0x00000000b1a00000| Untracked |  0
|  283|0x00000000b1b00000, 0x00000000b1b00000, 0x00000000b1c00000|  0%| F|  |TAMS 0x00000000b1b00000| PB 0x00000000b1b00000| Untracked |  0
|  284|0x00000000b1c00000, 0x00000000b1d00000, 0x00000000b1d00000|100%| O|Cm|TAMS 0x00000000b1c00000| PB 0x00000000b1c00000| Complete  |  0
|  285|0x00000000b1d00000, 0x00000000b1d00000, 0x00000000b1e00000|  0%| F|  |TAMS 0x00000000b1d00000| PB 0x00000000b1d00000| Untracked |  0
|  286|0x00000000b1e00000, 0x00000000b1f00000, 0x00000000b1f00000|100%| O|Cm|TAMS 0x00000000b1e00000| PB 0x00000000b1e00000| Complete  |  0
|  287|0x00000000b1f00000, 0x00000000b2000000, 0x00000000b2000000|100%| O|  |TAMS 0x00000000b1f00000| PB 0x00000000b1f00000| Untracked |  0
|  288|0x00000000b2000000, 0x00000000b2100000, 0x00000000b2100000|100%| O|Cm|TAMS 0x00000000b2000000| PB 0x00000000b2000000| Complete  |  0
|  289|0x00000000b2100000, 0x00000000b2200000, 0x00000000b2200000|100%| O|Cm|TAMS 0x00000000b2100000| PB 0x00000000b2100000| Complete  |  0
|  290|0x00000000b2200000, 0x00000000b2300000, 0x00000000b2300000|100%| O|Cm|TAMS 0x00000000b2200000| PB 0x00000000b2200000| Complete  |  0
|  291|0x00000000b2300000, 0x00000000b2300000, 0x00000000b2400000|  0%| F|  |TAMS 0x00000000b2300000| PB 0x00000000b2300000| Untracked |  0
|  292|0x00000000b2400000, 0x00000000b2400000, 0x00000000b2500000|  0%| F|  |TAMS 0x00000000b2400000| PB 0x00000000b2400000| Untracked |  0
|  293|0x00000000b2500000, 0x00000000b2600000, 0x00000000b2600000|100%| O|Cm|TAMS 0x00000000b2500000| PB 0x00000000b2500000| Complete  |  0
|  294|0x00000000b2600000, 0x00000000b2700000, 0x00000000b2700000|100%| O|Cm|TAMS 0x00000000b2600000| PB 0x00000000b2600000| Complete  |  0
|  295|0x00000000b2700000, 0x00000000b2700000, 0x00000000b2800000|  0%| F|  |TAMS 0x00000000b2700000| PB 0x00000000b2700000| Untracked |  0
|  296|0x00000000b2800000, 0x00000000b2900000, 0x00000000b2900000|100%| O|Cm|TAMS 0x00000000b2800000| PB 0x00000000b2800000| Complete  |  0
|  297|0x00000000b2900000, 0x00000000b2a00000, 0x00000000b2a00000|100%| O|Cm|TAMS 0x00000000b2900000| PB 0x00000000b2900000| Complete  |  0
|  298|0x00000000b2a00000, 0x00000000b2b00000, 0x00000000b2b00000|100%| O|  |TAMS 0x00000000b2a00000| PB 0x00000000b2a00000| Untracked |  0
|  299|0x00000000b2b00000, 0x00000000b2c00000, 0x00000000b2c00000|100%| O|  |TAMS 0x00000000b2b00000| PB 0x00000000b2b00000| Untracked |  0
|  300|0x00000000b2c00000, 0x00000000b2d00000, 0x00000000b2d00000|100%| O|Cm|TAMS 0x00000000b2c00000| PB 0x00000000b2c00000| Complete  |  0
|  301|0x00000000b2d00000, 0x00000000b2e00000, 0x00000000b2e00000|100%| O|Cm|TAMS 0x00000000b2d00000| PB 0x00000000b2d00000| Complete  |  0
|  302|0x00000000b2e00000, 0x00000000b2e00000, 0x00000000b2f00000|  0%| F|  |TAMS 0x00000000b2e00000| PB 0x00000000b2e00000| Untracked |  0
|  303|0x00000000b2f00000, 0x00000000b2f00000, 0x00000000b3000000|  0%| F|  |TAMS 0x00000000b2f00000| PB 0x00000000b2f00000| Untracked |  0
|  304|0x00000000b3000000, 0x00000000b3100000, 0x00000000b3100000|100%| O|Cm|TAMS 0x00000000b3000000| PB 0x00000000b3000000| Complete  |  0
|  305|0x00000000b3100000, 0x00000000b3100000, 0x00000000b3200000|  0%| F|  |TAMS 0x00000000b3100000| PB 0x00000000b3100000| Untracked |  0
|  306|0x00000000b3200000, 0x00000000b3300000, 0x00000000b3300000|100%| O|  |TAMS 0x00000000b3200000| PB 0x00000000b3200000| Untracked |  0
|  307|0x00000000b3300000, 0x00000000b3400000, 0x00000000b3400000|100%| O|  |TAMS 0x00000000b3300000| PB 0x00000000b3300000| Untracked |  0
|  308|0x00000000b3400000, 0x00000000b3500000, 0x00000000b3500000|100%| O|  |TAMS 0x00000000b3400000| PB 0x00000000b3400000| Untracked |  0
|  309|0x00000000b3500000, 0x00000000b3600000, 0x00000000b3600000|100%| O|  |TAMS 0x00000000b3500000| PB 0x00000000b3500000| Untracked |  0
|  310|0x00000000b3600000, 0x00000000b3700000, 0x00000000b3700000|100%| O|  |TAMS 0x00000000b3600000| PB 0x00000000b3600000| Untracked |  0
|  311|0x00000000b3700000, 0x00000000b3800000, 0x00000000b3800000|100%| O|  |TAMS 0x00000000b3700000| PB 0x00000000b3700000| Untracked |  0
|  312|0x00000000b3800000, 0x00000000b3900000, 0x00000000b3900000|100%| O|  |TAMS 0x00000000b3800000| PB 0x00000000b3800000| Untracked |  0
|  313|0x00000000b3900000, 0x00000000b3a00000, 0x00000000b3a00000|100%| O|  |TAMS 0x00000000b3900000| PB 0x00000000b3900000| Untracked |  0
|  314|0x00000000b3a00000, 0x00000000b3a00000, 0x00000000b3b00000|  0%| F|  |TAMS 0x00000000b3a00000| PB 0x00000000b3a00000| Untracked |  0
|  315|0x00000000b3b00000, 0x00000000b3c00000, 0x00000000b3c00000|100%| O|  |TAMS 0x00000000b3b00000| PB 0x00000000b3b00000| Untracked |  0
|  316|0x00000000b3c00000, 0x00000000b3d00000, 0x00000000b3d00000|100%| O|  |TAMS 0x00000000b3c00000| PB 0x00000000b3c00000| Untracked |  0
|  317|0x00000000b3d00000, 0x00000000b3e00000, 0x00000000b3e00000|100%| O|  |TAMS 0x00000000b3d00000| PB 0x00000000b3d00000| Untracked |  0
|  318|0x00000000b3e00000, 0x00000000b3e00000, 0x00000000b3f00000|  0%| F|  |TAMS 0x00000000b3e00000| PB 0x00000000b3e00000| Untracked |  0
|  319|0x00000000b3f00000, 0x00000000b4000000, 0x00000000b4000000|100%| O|  |TAMS 0x00000000b3f00000| PB 0x00000000b3f00000| Untracked |  0
|  320|0x00000000b4000000, 0x00000000b4000000, 0x00000000b4100000|  0%| F|  |TAMS 0x00000000b4000000| PB 0x00000000b4000000| Untracked |  0
|  321|0x00000000b4100000, 0x00000000b4200000, 0x00000000b4200000|100%| O|  |TAMS 0x00000000b4100000| PB 0x00000000b4100000| Untracked |  0
|  322|0x00000000b4200000, 0x00000000b4200000, 0x00000000b4300000|  0%| F|  |TAMS 0x00000000b4200000| PB 0x00000000b4200000| Untracked |  0
|  323|0x00000000b4300000, 0x00000000b4400000, 0x00000000b4400000|100%| O|  |TAMS 0x00000000b4300000| PB 0x00000000b4300000| Untracked |  0
|  324|0x00000000b4400000, 0x00000000b4500000, 0x00000000b4500000|100%| O|  |TAMS 0x00000000b4400000| PB 0x00000000b4400000| Untracked |  0
|  325|0x00000000b4500000, 0x00000000b4500000, 0x00000000b4600000|  0%| F|  |TAMS 0x00000000b4500000| PB 0x00000000b4500000| Untracked |  0
|  326|0x00000000b4600000, 0x00000000b4700000, 0x00000000b4700000|100%| O|  |TAMS 0x00000000b4600000| PB 0x00000000b4600000| Untracked |  0
|  327|0x00000000b4700000, 0x00000000b4800000, 0x00000000b4800000|100%| O|Cm|TAMS 0x00000000b4700000| PB 0x00000000b4700000| Complete  |  0
|  328|0x00000000b4800000, 0x00000000b4900000, 0x00000000b4900000|100%| O|  |TAMS 0x00000000b4800000| PB 0x00000000b4800000| Untracked |  0
|  329|0x00000000b4900000, 0x00000000b4a00000, 0x00000000b4a00000|100%| O|Cm|TAMS 0x00000000b4900000| PB 0x00000000b4900000| Complete  |  0
|  330|0x00000000b4a00000, 0x00000000b4b00000, 0x00000000b4b00000|100%| O|  |TAMS 0x00000000b4a00000| PB 0x00000000b4a00000| Untracked |  0
|  331|0x00000000b4b00000, 0x00000000b4c00000, 0x00000000b4c00000|100%| O|  |TAMS 0x00000000b4b00000| PB 0x00000000b4b00000| Untracked |  0
|  332|0x00000000b4c00000, 0x00000000b4d00000, 0x00000000b4d00000|100%| O|  |TAMS 0x00000000b4c00000| PB 0x00000000b4c00000| Untracked |  0
|  333|0x00000000b4d00000, 0x00000000b4e00000, 0x00000000b4e00000|100%| O|  |TAMS 0x00000000b4d00000| PB 0x00000000b4d00000| Untracked |  0
|  334|0x00000000b4e00000, 0x00000000b4f00000, 0x00000000b4f00000|100%| O|  |TAMS 0x00000000b4e00000| PB 0x00000000b4e00000| Untracked |  0
|  335|0x00000000b4f00000, 0x00000000b5000000, 0x00000000b5000000|100%| O|  |TAMS 0x00000000b4f00000| PB 0x00000000b4f00000| Untracked |  0
|  336|0x00000000b5000000, 0x00000000b5100000, 0x00000000b5100000|100%| O|  |TAMS 0x00000000b5000000| PB 0x00000000b5000000| Untracked |  0
|  337|0x00000000b5100000, 0x00000000b5200000, 0x00000000b5200000|100%| O|  |TAMS 0x00000000b5100000| PB 0x00000000b5100000| Untracked |  0
|  338|0x00000000b5200000, 0x00000000b5300000, 0x00000000b5300000|100%| O|  |TAMS 0x00000000b5200000| PB 0x00000000b5200000| Untracked |  0
|  339|0x00000000b5300000, 0x00000000b5400000, 0x00000000b5400000|100%| O|  |TAMS 0x00000000b5300000| PB 0x00000000b5300000| Untracked |  0
|  340|0x00000000b5400000, 0x00000000b5500000, 0x00000000b5500000|100%| O|  |TAMS 0x00000000b5400000| PB 0x00000000b5400000| Untracked |  0
|  341|0x00000000b5500000, 0x00000000b5600000, 0x00000000b5600000|100%| O|  |TAMS 0x00000000b5500000| PB 0x00000000b5500000| Untracked |  0
|  342|0x00000000b5600000, 0x00000000b5700000, 0x00000000b5700000|100%| O|  |TAMS 0x00000000b5600000| PB 0x00000000b5600000| Untracked |  0
|  343|0x00000000b5700000, 0x00000000b5800000, 0x00000000b5800000|100%| O|  |TAMS 0x00000000b5700000| PB 0x00000000b5700000| Untracked |  0
|  344|0x00000000b5800000, 0x00000000b5900000, 0x00000000b5900000|100%| O|  |TAMS 0x00000000b5800000| PB 0x00000000b5800000| Untracked |  0
|  345|0x00000000b5900000, 0x00000000b5a00000, 0x00000000b5a00000|100%| O|  |TAMS 0x00000000b5900000| PB 0x00000000b5900000| Untracked |  0
|  346|0x00000000b5a00000, 0x00000000b5b00000, 0x00000000b5b00000|100%| O|  |TAMS 0x00000000b5a00000| PB 0x00000000b5a00000| Untracked |  0
|  347|0x00000000b5b00000, 0x00000000b5c00000, 0x00000000b5c00000|100%| O|  |TAMS 0x00000000b5b00000| PB 0x00000000b5b00000| Untracked |  0
|  348|0x00000000b5c00000, 0x00000000b5d00000, 0x00000000b5d00000|100%| O|  |TAMS 0x00000000b5c00000| PB 0x00000000b5c00000| Untracked |  0
|  349|0x00000000b5d00000, 0x00000000b5e00000, 0x00000000b5e00000|100%| O|  |TAMS 0x00000000b5d00000| PB 0x00000000b5d00000| Untracked |  0
|  350|0x00000000b5e00000, 0x00000000b5f00000, 0x00000000b5f00000|100%| O|  |TAMS 0x00000000b5e00000| PB 0x00000000b5e00000| Untracked |  0
|  351|0x00000000b5f00000, 0x00000000b6000000, 0x00000000b6000000|100%| O|  |TAMS 0x00000000b5f00000| PB 0x00000000b5f00000| Untracked |  0
|  352|0x00000000b6000000, 0x00000000b6100000, 0x00000000b6100000|100%| O|  |TAMS 0x00000000b6000000| PB 0x00000000b6000000| Untracked |  0
|  353|0x00000000b6100000, 0x00000000b6200000, 0x00000000b6200000|100%| O|  |TAMS 0x00000000b6100000| PB 0x00000000b6100000| Untracked |  0
|  354|0x00000000b6200000, 0x00000000b6300000, 0x00000000b6300000|100%| O|  |TAMS 0x00000000b6200000| PB 0x00000000b6200000| Untracked |  0
|  355|0x00000000b6300000, 0x00000000b6400000, 0x00000000b6400000|100%| O|  |TAMS 0x00000000b6300000| PB 0x00000000b6300000| Untracked |  0
|  356|0x00000000b6400000, 0x00000000b6500000, 0x00000000b6500000|100%| O|  |TAMS 0x00000000b6400000| PB 0x00000000b6400000| Untracked |  0
|  357|0x00000000b6500000, 0x00000000b6600000, 0x00000000b6600000|100%| O|  |TAMS 0x00000000b6500000| PB 0x00000000b6500000| Untracked |  0
|  358|0x00000000b6600000, 0x00000000b6700000, 0x00000000b6700000|100%| O|  |TAMS 0x00000000b6600000| PB 0x00000000b6600000| Untracked |  0
|  359|0x00000000b6700000, 0x00000000b6700000, 0x00000000b6800000|  0%| F|  |TAMS 0x00000000b6700000| PB 0x00000000b6700000| Untracked |  0
|  360|0x00000000b6800000, 0x00000000b6800000, 0x00000000b6900000|  0%| F|  |TAMS 0x00000000b6800000| PB 0x00000000b6800000| Untracked |  0
|  361|0x00000000b6900000, 0x00000000b6900000, 0x00000000b6a00000|  0%| F|  |TAMS 0x00000000b6900000| PB 0x00000000b6900000| Untracked |  0
|  362|0x00000000b6a00000, 0x00000000b6a00000, 0x00000000b6b00000|  0%| F|  |TAMS 0x00000000b6a00000| PB 0x00000000b6a00000| Untracked |  0
|  363|0x00000000b6b00000, 0x00000000b6b00000, 0x00000000b6c00000|  0%| F|  |TAMS 0x00000000b6b00000| PB 0x00000000b6b00000| Untracked |  0
|  364|0x00000000b6c00000, 0x00000000b6c00000, 0x00000000b6d00000|  0%| F|  |TAMS 0x00000000b6c00000| PB 0x00000000b6c00000| Untracked |  0
|  365|0x00000000b6d00000, 0x00000000b6d00000, 0x00000000b6e00000|  0%| F|  |TAMS 0x00000000b6d00000| PB 0x00000000b6d00000| Untracked |  0
|  366|0x00000000b6e00000, 0x00000000b6e00000, 0x00000000b6f00000|  0%| F|  |TAMS 0x00000000b6e00000| PB 0x00000000b6e00000| Untracked |  0
|  367|0x00000000b6f00000, 0x00000000b6f00000, 0x00000000b7000000|  0%| F|  |TAMS 0x00000000b6f00000| PB 0x00000000b6f00000| Untracked |  0
|  368|0x00000000b7000000, 0x00000000b7000000, 0x00000000b7100000|  0%| F|  |TAMS 0x00000000b7000000| PB 0x00000000b7000000| Untracked |  0
|  369|0x00000000b7100000, 0x00000000b7100000, 0x00000000b7200000|  0%| F|  |TAMS 0x00000000b7100000| PB 0x00000000b7100000| Untracked |  0
|  370|0x00000000b7200000, 0x00000000b7200000, 0x00000000b7300000|  0%| F|  |TAMS 0x00000000b7200000| PB 0x00000000b7200000| Untracked |  0
|  371|0x00000000b7300000, 0x00000000b7300000, 0x00000000b7400000|  0%| F|  |TAMS 0x00000000b7300000| PB 0x00000000b7300000| Untracked |  0
|  372|0x00000000b7400000, 0x00000000b7400000, 0x00000000b7500000|  0%| F|  |TAMS 0x00000000b7400000| PB 0x00000000b7400000| Untracked |  0
|  373|0x00000000b7500000, 0x00000000b7500000, 0x00000000b7600000|  0%| F|  |TAMS 0x00000000b7500000| PB 0x00000000b7500000| Untracked |  0
|  374|0x00000000b7600000, 0x00000000b7600000, 0x00000000b7700000|  0%| F|  |TAMS 0x00000000b7600000| PB 0x00000000b7600000| Untracked |  0
|  375|0x00000000b7700000, 0x00000000b7700000, 0x00000000b7800000|  0%| F|  |TAMS 0x00000000b7700000| PB 0x00000000b7700000| Untracked |  0
|  376|0x00000000b7800000, 0x00000000b7800000, 0x00000000b7900000|  0%| F|  |TAMS 0x00000000b7800000| PB 0x00000000b7800000| Untracked |  0
|  377|0x00000000b7900000, 0x00000000b7900000, 0x00000000b7a00000|  0%| F|  |TAMS 0x00000000b7900000| PB 0x00000000b7900000| Untracked |  0
|  378|0x00000000b7a00000, 0x00000000b7a00000, 0x00000000b7b00000|  0%| F|  |TAMS 0x00000000b7a00000| PB 0x00000000b7a00000| Untracked |  0
|  379|0x00000000b7b00000, 0x00000000b7b00000, 0x00000000b7c00000|  0%| F|  |TAMS 0x00000000b7b00000| PB 0x00000000b7b00000| Untracked |  0
|  380|0x00000000b7c00000, 0x00000000b7c00000, 0x00000000b7d00000|  0%| F|  |TAMS 0x00000000b7c00000| PB 0x00000000b7c00000| Untracked |  0
|  381|0x00000000b7d00000, 0x00000000b7d00000, 0x00000000b7e00000|  0%| F|  |TAMS 0x00000000b7d00000| PB 0x00000000b7d00000| Untracked |  0
|  382|0x00000000b7e00000, 0x00000000b7e00000, 0x00000000b7f00000|  0%| F|  |TAMS 0x00000000b7e00000| PB 0x00000000b7e00000| Untracked |  0
|  383|0x00000000b7f00000, 0x00000000b7f00000, 0x00000000b8000000|  0%| F|  |TAMS 0x00000000b7f00000| PB 0x00000000b7f00000| Untracked |  0
|  384|0x00000000b8000000, 0x00000000b8000000, 0x00000000b8100000|  0%| F|  |TAMS 0x00000000b8000000| PB 0x00000000b8000000| Untracked |  0
|  385|0x00000000b8100000, 0x00000000b8100000, 0x00000000b8200000|  0%| F|  |TAMS 0x00000000b8100000| PB 0x00000000b8100000| Untracked |  0
|  386|0x00000000b8200000, 0x00000000b8200000, 0x00000000b8300000|  0%| F|  |TAMS 0x00000000b8200000| PB 0x00000000b8200000| Untracked |  0
|  387|0x00000000b8300000, 0x00000000b8300000, 0x00000000b8400000|  0%| F|  |TAMS 0x00000000b8300000| PB 0x00000000b8300000| Untracked |  0
|  388|0x00000000b8400000, 0x00000000b8400000, 0x00000000b8500000|  0%| F|  |TAMS 0x00000000b8400000| PB 0x00000000b8400000| Untracked |  0
|  389|0x00000000b8500000, 0x00000000b8500000, 0x00000000b8600000|  0%| F|  |TAMS 0x00000000b8500000| PB 0x00000000b8500000| Untracked |  0
|  390|0x00000000b8600000, 0x00000000b8600000, 0x00000000b8700000|  0%| F|  |TAMS 0x00000000b8600000| PB 0x00000000b8600000| Untracked |  0
|  391|0x00000000b8700000, 0x00000000b8700000, 0x00000000b8800000|  0%| F|  |TAMS 0x00000000b8700000| PB 0x00000000b8700000| Untracked |  0
|  392|0x00000000b8800000, 0x00000000b8800000, 0x00000000b8900000|  0%| F|  |TAMS 0x00000000b8800000| PB 0x00000000b8800000| Untracked |  0
|  393|0x00000000b8900000, 0x00000000b8900000, 0x00000000b8a00000|  0%| F|  |TAMS 0x00000000b8900000| PB 0x00000000b8900000| Untracked |  0
|  394|0x00000000b8a00000, 0x00000000b8a00000, 0x00000000b8b00000|  0%| F|  |TAMS 0x00000000b8a00000| PB 0x00000000b8a00000| Untracked |  0
|  395|0x00000000b8b00000, 0x00000000b8b00000, 0x00000000b8c00000|  0%| F|  |TAMS 0x00000000b8b00000| PB 0x00000000b8b00000| Untracked |  0
|  396|0x00000000b8c00000, 0x00000000b8c00000, 0x00000000b8d00000|  0%| F|  |TAMS 0x00000000b8c00000| PB 0x00000000b8c00000| Untracked |  0
|  397|0x00000000b8d00000, 0x00000000b8d00000, 0x00000000b8e00000|  0%| F|  |TAMS 0x00000000b8d00000| PB 0x00000000b8d00000| Untracked |  0
|  398|0x00000000b8e00000, 0x00000000b8e00000, 0x00000000b8f00000|  0%| F|  |TAMS 0x00000000b8e00000| PB 0x00000000b8e00000| Untracked |  0
|  399|0x00000000b8f00000, 0x00000000b8f00000, 0x00000000b9000000|  0%| F|  |TAMS 0x00000000b8f00000| PB 0x00000000b8f00000| Untracked |  0
|  400|0x00000000b9000000, 0x00000000b9000000, 0x00000000b9100000|  0%| F|  |TAMS 0x00000000b9000000| PB 0x00000000b9000000| Untracked |  0
|  401|0x00000000b9100000, 0x00000000b9100000, 0x00000000b9200000|  0%| F|  |TAMS 0x00000000b9100000| PB 0x00000000b9100000| Untracked |  0
|  402|0x00000000b9200000, 0x00000000b9200000, 0x00000000b9300000|  0%| F|  |TAMS 0x00000000b9200000| PB 0x00000000b9200000| Untracked |  0
|  403|0x00000000b9300000, 0x00000000b9300000, 0x00000000b9400000|  0%| F|  |TAMS 0x00000000b9300000| PB 0x00000000b9300000| Untracked |  0
|  404|0x00000000b9400000, 0x00000000b9400000, 0x00000000b9500000|  0%| F|  |TAMS 0x00000000b9400000| PB 0x00000000b9400000| Untracked |  0
|  405|0x00000000b9500000, 0x00000000b9500000, 0x00000000b9600000|  0%| F|  |TAMS 0x00000000b9500000| PB 0x00000000b9500000| Untracked |  0
|  406|0x00000000b9600000, 0x00000000b9600000, 0x00000000b9700000|  0%| F|  |TAMS 0x00000000b9600000| PB 0x00000000b9600000| Untracked |  0
|  407|0x00000000b9700000, 0x00000000b9700000, 0x00000000b9800000|  0%| F|  |TAMS 0x00000000b9700000| PB 0x00000000b9700000| Untracked |  0
|  408|0x00000000b9800000, 0x00000000b9800000, 0x00000000b9900000|  0%| F|  |TAMS 0x00000000b9800000| PB 0x00000000b9800000| Untracked |  0
|  409|0x00000000b9900000, 0x00000000b9900000, 0x00000000b9a00000|  0%| F|  |TAMS 0x00000000b9900000| PB 0x00000000b9900000| Untracked |  0
|  410|0x00000000b9a00000, 0x00000000b9a00000, 0x00000000b9b00000|  0%| F|  |TAMS 0x00000000b9a00000| PB 0x00000000b9a00000| Untracked |  0
|  411|0x00000000b9b00000, 0x00000000b9b00000, 0x00000000b9c00000|  0%| F|  |TAMS 0x00000000b9b00000| PB 0x00000000b9b00000| Untracked |  0
|  412|0x00000000b9c00000, 0x00000000b9d00000, 0x00000000b9d00000|100%| O|  |TAMS 0x00000000b9c00000| PB 0x00000000b9c00000| Untracked |  0
|  413|0x00000000b9d00000, 0x00000000b9e00000, 0x00000000b9e00000|100%| O|  |TAMS 0x00000000b9d00000| PB 0x00000000b9d00000| Untracked |  0
|  414|0x00000000b9e00000, 0x00000000b9f00000, 0x00000000b9f00000|100%| O|  |TAMS 0x00000000b9e00000| PB 0x00000000b9e00000| Untracked |  0
|  415|0x00000000b9f00000, 0x00000000ba000000, 0x00000000ba000000|100%| O|  |TAMS 0x00000000b9f00000| PB 0x00000000b9f00000| Untracked |  0
|  416|0x00000000ba000000, 0x00000000ba100000, 0x00000000ba100000|100%| O|  |TAMS 0x00000000ba000000| PB 0x00000000ba000000| Untracked |  0
|  417|0x00000000ba100000, 0x00000000ba200000, 0x00000000ba200000|100%| O|  |TAMS 0x00000000ba100000| PB 0x00000000ba100000| Untracked |  0
|  418|0x00000000ba200000, 0x00000000ba300000, 0x00000000ba300000|100%| O|  |TAMS 0x00000000ba200000| PB 0x00000000ba200000| Untracked |  0
|  419|0x00000000ba300000, 0x00000000ba400000, 0x00000000ba400000|100%| O|  |TAMS 0x00000000ba300000| PB 0x00000000ba300000| Untracked |  0
|  420|0x00000000ba400000, 0x00000000ba500000, 0x00000000ba500000|100%| O|  |TAMS 0x00000000ba400000| PB 0x00000000ba400000| Untracked |  0
|  421|0x00000000ba500000, 0x00000000ba600000, 0x00000000ba600000|100%| O|  |TAMS 0x00000000ba500000| PB 0x00000000ba500000| Untracked |  0
|  422|0x00000000ba600000, 0x00000000ba700000, 0x00000000ba700000|100%| O|  |TAMS 0x00000000ba600000| PB 0x00000000ba600000| Untracked |  0
|  423|0x00000000ba700000, 0x00000000ba800000, 0x00000000ba800000|100%| O|  |TAMS 0x00000000ba700000| PB 0x00000000ba700000| Untracked |  0
|  424|0x00000000ba800000, 0x00000000ba900000, 0x00000000ba900000|100%| O|  |TAMS 0x00000000ba800000| PB 0x00000000ba800000| Untracked |  0
|  425|0x00000000ba900000, 0x00000000baa00000, 0x00000000baa00000|100%| O|  |TAMS 0x00000000ba900000| PB 0x00000000ba900000| Untracked |  0
|  426|0x00000000baa00000, 0x00000000bab00000, 0x00000000bab00000|100%| O|  |TAMS 0x00000000baa00000| PB 0x00000000baa00000| Untracked |  0
|  427|0x00000000bab00000, 0x00000000bac00000, 0x00000000bac00000|100%| O|  |TAMS 0x00000000bab00000| PB 0x00000000bab00000| Untracked |  0
|  428|0x00000000bac00000, 0x00000000bad00000, 0x00000000bad00000|100%| O|  |TAMS 0x00000000bac00000| PB 0x00000000bac00000| Untracked |  0
|  429|0x00000000bad00000, 0x00000000bae00000, 0x00000000bae00000|100%| O|  |TAMS 0x00000000bad00000| PB 0x00000000bad00000| Untracked |  0
|  430|0x00000000bae00000, 0x00000000baf00000, 0x00000000baf00000|100%| O|  |TAMS 0x00000000bae00000| PB 0x00000000bae00000| Untracked |  0
|  431|0x00000000baf00000, 0x00000000bb000000, 0x00000000bb000000|100%| O|  |TAMS 0x00000000baf00000| PB 0x00000000baf00000| Untracked |  0
|  432|0x00000000bb000000, 0x00000000bb100000, 0x00000000bb100000|100%| O|  |TAMS 0x00000000bb000000| PB 0x00000000bb000000| Untracked |  0
|  433|0x00000000bb100000, 0x00000000bb200000, 0x00000000bb200000|100%| O|  |TAMS 0x00000000bb100000| PB 0x00000000bb100000| Untracked |  0
|  434|0x00000000bb200000, 0x00000000bb300000, 0x00000000bb300000|100%| O|  |TAMS 0x00000000bb200000| PB 0x00000000bb200000| Untracked |  0
|  435|0x00000000bb300000, 0x00000000bb400000, 0x00000000bb400000|100%| O|  |TAMS 0x00000000bb300000| PB 0x00000000bb300000| Untracked |  0
|  436|0x00000000bb400000, 0x00000000bb500000, 0x00000000bb500000|100%| O|  |TAMS 0x00000000bb400000| PB 0x00000000bb400000| Untracked |  0
|  437|0x00000000bb500000, 0x00000000bb600000, 0x00000000bb600000|100%| O|  |TAMS 0x00000000bb500000| PB 0x00000000bb500000| Untracked |  0
|  438|0x00000000bb600000, 0x00000000bb700000, 0x00000000bb700000|100%| O|  |TAMS 0x00000000bb600000| PB 0x00000000bb600000| Untracked |  0
|  439|0x00000000bb700000, 0x00000000bb800000, 0x00000000bb800000|100%| O|  |TAMS 0x00000000bb700000| PB 0x00000000bb700000| Untracked |  0
|  440|0x00000000bb800000, 0x00000000bb900000, 0x00000000bb900000|100%| O|  |TAMS 0x00000000bb800000| PB 0x00000000bb800000| Untracked |  0
|  441|0x00000000bb900000, 0x00000000bba00000, 0x00000000bba00000|100%| O|  |TAMS 0x00000000bb900000| PB 0x00000000bb900000| Untracked |  0
|  442|0x00000000bba00000, 0x00000000bbb00000, 0x00000000bbb00000|100%| O|  |TAMS 0x00000000bba00000| PB 0x00000000bba00000| Untracked |  0
|  443|0x00000000bbb00000, 0x00000000bbc00000, 0x00000000bbc00000|100%| O|  |TAMS 0x00000000bbb00000| PB 0x00000000bbb00000| Untracked |  0
|  444|0x00000000bbc00000, 0x00000000bbd00000, 0x00000000bbd00000|100%| O|  |TAMS 0x00000000bbc00000| PB 0x00000000bbc00000| Untracked |  0
|  445|0x00000000bbd00000, 0x00000000bbe00000, 0x00000000bbe00000|100%| O|  |TAMS 0x00000000bbd00000| PB 0x00000000bbd00000| Untracked |  0
|  446|0x00000000bbe00000, 0x00000000bbf00000, 0x00000000bbf00000|100%| O|  |TAMS 0x00000000bbe00000| PB 0x00000000bbe00000| Untracked |  0
|  447|0x00000000bbf00000, 0x00000000bc000000, 0x00000000bc000000|100%| O|  |TAMS 0x00000000bbf00000| PB 0x00000000bbf00000| Untracked |  0
|  448|0x00000000bc000000, 0x00000000bc100000, 0x00000000bc100000|100%| O|  |TAMS 0x00000000bc000000| PB 0x00000000bc000000| Untracked |  0
|  449|0x00000000bc100000, 0x00000000bc200000, 0x00000000bc200000|100%| O|  |TAMS 0x00000000bc100000| PB 0x00000000bc100000| Untracked |  0
|  450|0x00000000bc200000, 0x00000000bc300000, 0x00000000bc300000|100%| O|  |TAMS 0x00000000bc200000| PB 0x00000000bc200000| Untracked |  0
|  451|0x00000000bc300000, 0x00000000bc400000, 0x00000000bc400000|100%| O|  |TAMS 0x00000000bc300000| PB 0x00000000bc300000| Untracked |  0
|  452|0x00000000bc400000, 0x00000000bc500000, 0x00000000bc500000|100%| O|  |TAMS 0x00000000bc400000| PB 0x00000000bc400000| Untracked |  0
|  453|0x00000000bc500000, 0x00000000bc600000, 0x00000000bc600000|100%| O|  |TAMS 0x00000000bc500000| PB 0x00000000bc500000| Untracked |  0
|  454|0x00000000bc600000, 0x00000000bc700000, 0x00000000bc700000|100%| O|  |TAMS 0x00000000bc600000| PB 0x00000000bc600000| Untracked |  0
|  455|0x00000000bc700000, 0x00000000bc800000, 0x00000000bc800000|100%| O|  |TAMS 0x00000000bc700000| PB 0x00000000bc700000| Untracked |  0
|  456|0x00000000bc800000, 0x00000000bc900000, 0x00000000bc900000|100%| O|  |TAMS 0x00000000bc800000| PB 0x00000000bc800000| Untracked |  0
|  457|0x00000000bc900000, 0x00000000bca00000, 0x00000000bca00000|100%| O|  |TAMS 0x00000000bc900000| PB 0x00000000bc900000| Untracked |  0
|  458|0x00000000bca00000, 0x00000000bca00000, 0x00000000bcb00000|  0%| F|  |TAMS 0x00000000bca00000| PB 0x00000000bca00000| Untracked |  0
|  459|0x00000000bcb00000, 0x00000000bcb00000, 0x00000000bcc00000|  0%| F|  |TAMS 0x00000000bcb00000| PB 0x00000000bcb00000| Untracked |  0
|  460|0x00000000bcc00000, 0x00000000bcc00000, 0x00000000bcd00000|  0%| F|  |TAMS 0x00000000bcc00000| PB 0x00000000bcc00000| Untracked |  0
|  461|0x00000000bcd00000, 0x00000000bcd00000, 0x00000000bce00000|  0%| F|  |TAMS 0x00000000bcd00000| PB 0x00000000bcd00000| Untracked |  0
|  462|0x00000000bce00000, 0x00000000bce00000, 0x00000000bcf00000|  0%| F|  |TAMS 0x00000000bce00000| PB 0x00000000bce00000| Untracked |  0
|  463|0x00000000bcf00000, 0x00000000bcf00000, 0x00000000bd000000|  0%| F|  |TAMS 0x00000000bcf00000| PB 0x00000000bcf00000| Untracked |  0
|  464|0x00000000bd000000, 0x00000000bd000000, 0x00000000bd100000|  0%| F|  |TAMS 0x00000000bd000000| PB 0x00000000bd000000| Untracked |  0
|  465|0x00000000bd100000, 0x00000000bd100000, 0x00000000bd200000|  0%| F|  |TAMS 0x00000000bd100000| PB 0x00000000bd100000| Untracked |  0
|  466|0x00000000bd200000, 0x00000000bd200000, 0x00000000bd300000|  0%| F|  |TAMS 0x00000000bd200000| PB 0x00000000bd200000| Untracked |  0
|  467|0x00000000bd300000, 0x00000000bd300000, 0x00000000bd400000|  0%| F|  |TAMS 0x00000000bd300000| PB 0x00000000bd300000| Untracked |  0
|  468|0x00000000bd400000, 0x00000000bd400000, 0x00000000bd500000|  0%| F|  |TAMS 0x00000000bd400000| PB 0x00000000bd400000| Untracked |  0
|  469|0x00000000bd500000, 0x00000000bd500000, 0x00000000bd600000|  0%| F|  |TAMS 0x00000000bd500000| PB 0x00000000bd500000| Untracked |  0
|  470|0x00000000bd600000, 0x00000000bd600000, 0x00000000bd700000|  0%| F|  |TAMS 0x00000000bd600000| PB 0x00000000bd600000| Untracked |  0
|  471|0x00000000bd700000, 0x00000000bd700000, 0x00000000bd800000|  0%| F|  |TAMS 0x00000000bd700000| PB 0x00000000bd700000| Untracked |  0
|  472|0x00000000bd800000, 0x00000000bd800000, 0x00000000bd900000|  0%| F|  |TAMS 0x00000000bd800000| PB 0x00000000bd800000| Untracked |  0
|  473|0x00000000bd900000, 0x00000000bd900000, 0x00000000bda00000|  0%| F|  |TAMS 0x00000000bd900000| PB 0x00000000bd900000| Untracked |  0
|  474|0x00000000bda00000, 0x00000000bda00000, 0x00000000bdb00000|  0%| F|  |TAMS 0x00000000bda00000| PB 0x00000000bda00000| Untracked |  0
|  475|0x00000000bdb00000, 0x00000000bdb00000, 0x00000000bdc00000|  0%| F|  |TAMS 0x00000000bdb00000| PB 0x00000000bdb00000| Untracked |  0
|  476|0x00000000bdc00000, 0x00000000bdc00000, 0x00000000bdd00000|  0%| F|  |TAMS 0x00000000bdc00000| PB 0x00000000bdc00000| Untracked |  0
|  477|0x00000000bdd00000, 0x00000000bdd00000, 0x00000000bde00000|  0%| F|  |TAMS 0x00000000bdd00000| PB 0x00000000bdd00000| Untracked |  0
|  478|0x00000000bde00000, 0x00000000bde00000, 0x00000000bdf00000|  0%| F|  |TAMS 0x00000000bde00000| PB 0x00000000bde00000| Untracked |  0
|  479|0x00000000bdf00000, 0x00000000bdf00000, 0x00000000be000000|  0%| F|  |TAMS 0x00000000bdf00000| PB 0x00000000bdf00000| Untracked |  0
|  480|0x00000000be000000, 0x00000000be000000, 0x00000000be100000|  0%| F|  |TAMS 0x00000000be000000| PB 0x00000000be000000| Untracked |  0
|  481|0x00000000be100000, 0x00000000be100000, 0x00000000be200000|  0%| F|  |TAMS 0x00000000be100000| PB 0x00000000be100000| Untracked |  0
|  482|0x00000000be200000, 0x00000000be200000, 0x00000000be300000|  0%| F|  |TAMS 0x00000000be200000| PB 0x00000000be200000| Untracked |  0
|  483|0x00000000be300000, 0x00000000be300000, 0x00000000be400000|  0%| F|  |TAMS 0x00000000be300000| PB 0x00000000be300000| Untracked |  0
|  484|0x00000000be400000, 0x00000000be400000, 0x00000000be500000|  0%| F|  |TAMS 0x00000000be400000| PB 0x00000000be400000| Untracked |  0
|  485|0x00000000be500000, 0x00000000be500000, 0x00000000be600000|  0%| F|  |TAMS 0x00000000be500000| PB 0x00000000be500000| Untracked |  0
|  486|0x00000000be600000, 0x00000000be600000, 0x00000000be700000|  0%| F|  |TAMS 0x00000000be600000| PB 0x00000000be600000| Untracked |  0
|  487|0x00000000be700000, 0x00000000be700000, 0x00000000be800000|  0%| F|  |TAMS 0x00000000be700000| PB 0x00000000be700000| Untracked |  0
|  488|0x00000000be800000, 0x00000000be800000, 0x00000000be900000|  0%| F|  |TAMS 0x00000000be800000| PB 0x00000000be800000| Untracked |  0
|  489|0x00000000be900000, 0x00000000be900000, 0x00000000bea00000|  0%| F|  |TAMS 0x00000000be900000| PB 0x00000000be900000| Untracked |  0
|  490|0x00000000bea00000, 0x00000000bea00000, 0x00000000beb00000|  0%| F|  |TAMS 0x00000000bea00000| PB 0x00000000bea00000| Untracked |  0
|  491|0x00000000beb00000, 0x00000000beb00000, 0x00000000bec00000|  0%| F|  |TAMS 0x00000000beb00000| PB 0x00000000beb00000| Untracked |  0
|  492|0x00000000bec00000, 0x00000000bec00000, 0x00000000bed00000|  0%| F|  |TAMS 0x00000000bec00000| PB 0x00000000bec00000| Untracked |  0
|  493|0x00000000bed00000, 0x00000000bed00000, 0x00000000bee00000|  0%| F|  |TAMS 0x00000000bed00000| PB 0x00000000bed00000| Untracked |  0
|  494|0x00000000bee00000, 0x00000000bee00000, 0x00000000bef00000|  0%| F|  |TAMS 0x00000000bee00000| PB 0x00000000bee00000| Untracked |  0
|  495|0x00000000bef00000, 0x00000000bef00000, 0x00000000bf000000|  0%| F|  |TAMS 0x00000000bef00000| PB 0x00000000bef00000| Untracked |  0
|  496|0x00000000bf000000, 0x00000000bf000000, 0x00000000bf100000|  0%| F|  |TAMS 0x00000000bf000000| PB 0x00000000bf000000| Untracked |  0
|  497|0x00000000bf100000, 0x00000000bf100000, 0x00000000bf200000|  0%| F|  |TAMS 0x00000000bf100000| PB 0x00000000bf100000| Untracked |  0
|  498|0x00000000bf200000, 0x00000000bf200000, 0x00000000bf300000|  0%| F|  |TAMS 0x00000000bf200000| PB 0x00000000bf200000| Untracked |  0
|  499|0x00000000bf300000, 0x00000000bf300000, 0x00000000bf400000|  0%| F|  |TAMS 0x00000000bf300000| PB 0x00000000bf300000| Untracked |  0
|  500|0x00000000bf400000, 0x00000000bf400000, 0x00000000bf500000|  0%| F|  |TAMS 0x00000000bf400000| PB 0x00000000bf400000| Untracked |  0
|  501|0x00000000bf500000, 0x00000000bf500000, 0x00000000bf600000|  0%| F|  |TAMS 0x00000000bf500000| PB 0x00000000bf500000| Untracked |  0
|  502|0x00000000bf600000, 0x00000000bf600000, 0x00000000bf700000|  0%| F|  |TAMS 0x00000000bf600000| PB 0x00000000bf600000| Untracked |  0
|  503|0x00000000bf700000, 0x00000000bf700000, 0x00000000bf800000|  0%| F|  |TAMS 0x00000000bf700000| PB 0x00000000bf700000| Untracked |  0
|  504|0x00000000bf800000, 0x00000000bf800000, 0x00000000bf900000|  0%| F|  |TAMS 0x00000000bf800000| PB 0x00000000bf800000| Untracked |  0
|  505|0x00000000bf900000, 0x00000000bf900000, 0x00000000bfa00000|  0%| F|  |TAMS 0x00000000bf900000| PB 0x00000000bf900000| Untracked |  0
|  506|0x00000000bfa00000, 0x00000000bfa00000, 0x00000000bfb00000|  0%| F|  |TAMS 0x00000000bfa00000| PB 0x00000000bfa00000| Untracked |  0
|  507|0x00000000bfb00000, 0x00000000bfb00000, 0x00000000bfc00000|  0%| F|  |TAMS 0x00000000bfb00000| PB 0x00000000bfb00000| Untracked |  0
|  508|0x00000000bfc00000, 0x00000000bfc00000, 0x00000000bfd00000|  0%| F|  |TAMS 0x00000000bfc00000| PB 0x00000000bfc00000| Untracked |  0
|  509|0x00000000bfd00000, 0x00000000bfd00000, 0x00000000bfe00000|  0%| F|  |TAMS 0x00000000bfd00000| PB 0x00000000bfd00000| Untracked |  0
|  510|0x00000000bfe00000, 0x00000000bfe00000, 0x00000000bff00000|  0%| F|  |TAMS 0x00000000bfe00000| PB 0x00000000bfe00000| Untracked |  0
|  511|0x00000000bff00000, 0x00000000bff00000, 0x00000000c0000000|  0%| F|  |TAMS 0x00000000bff00000| PB 0x00000000bff00000| Untracked |  0
|  512|0x00000000c0000000, 0x00000000c0000000, 0x00000000c0100000|  0%| F|  |TAMS 0x00000000c0000000| PB 0x00000000c0000000| Untracked |  0
|  513|0x00000000c0100000, 0x00000000c0100000, 0x00000000c0200000|  0%| F|  |TAMS 0x00000000c0100000| PB 0x00000000c0100000| Untracked |  0
|  514|0x00000000c0200000, 0x00000000c0200000, 0x00000000c0300000|  0%| F|  |TAMS 0x00000000c0200000| PB 0x00000000c0200000| Untracked |  0
|  515|0x00000000c0300000, 0x00000000c0300000, 0x00000000c0400000|  0%| F|  |TAMS 0x00000000c0300000| PB 0x00000000c0300000| Untracked |  0
|  516|0x00000000c0400000, 0x00000000c0400000, 0x00000000c0500000|  0%| F|  |TAMS 0x00000000c0400000| PB 0x00000000c0400000| Untracked |  0
|  517|0x00000000c0500000, 0x00000000c0500000, 0x00000000c0600000|  0%| F|  |TAMS 0x00000000c0500000| PB 0x00000000c0500000| Untracked |  0
|  518|0x00000000c0600000, 0x00000000c0600000, 0x00000000c0700000|  0%| F|  |TAMS 0x00000000c0600000| PB 0x00000000c0600000| Untracked |  0
|  519|0x00000000c0700000, 0x00000000c0700000, 0x00000000c0800000|  0%| F|  |TAMS 0x00000000c0700000| PB 0x00000000c0700000| Untracked |  0
|  520|0x00000000c0800000, 0x00000000c0800000, 0x00000000c0900000|  0%| F|  |TAMS 0x00000000c0800000| PB 0x00000000c0800000| Untracked |  0
|  521|0x00000000c0900000, 0x00000000c0980000, 0x00000000c0a00000| 50%| S|CS|TAMS 0x00000000c0900000| PB 0x00000000c0900000| Complete  |  0
|  522|0x00000000c0a00000, 0x00000000c0b00000, 0x00000000c0b00000|100%| S|CS|TAMS 0x00000000c0a00000| PB 0x00000000c0a00000| Complete  |  0
|  523|0x00000000c0b00000, 0x00000000c0c00000, 0x00000000c0c00000|100%| S|CS|TAMS 0x00000000c0b00000| PB 0x00000000c0b00000| Complete  |  0
|  524|0x00000000c0c00000, 0x00000000c0d00000, 0x00000000c0d00000|100%| S|CS|TAMS 0x00000000c0c00000| PB 0x00000000c0c00000| Complete  |  0
|  525|0x00000000c0d00000, 0x00000000c0e00000, 0x00000000c0e00000|100%| S|CS|TAMS 0x00000000c0d00000| PB 0x00000000c0d00000| Complete  |  0
|  526|0x00000000c0e00000, 0x00000000c0f00000, 0x00000000c0f00000|100%| S|CS|TAMS 0x00000000c0e00000| PB 0x00000000c0e00000| Complete  |  0
|  527|0x00000000c0f00000, 0x00000000c1000000, 0x00000000c1000000|100%| S|CS|TAMS 0x00000000c0f00000| PB 0x00000000c0f00000| Complete  |  0
|  528|0x00000000c1000000, 0x00000000c1100000, 0x00000000c1100000|100%| S|CS|TAMS 0x00000000c1000000| PB 0x00000000c1000000| Complete  |  0
|  529|0x00000000c1100000, 0x00000000c1200000, 0x00000000c1200000|100%| S|CS|TAMS 0x00000000c1100000| PB 0x00000000c1100000| Complete  |  0
|  530|0x00000000c1200000, 0x00000000c1300000, 0x00000000c1300000|100%| S|CS|TAMS 0x00000000c1200000| PB 0x00000000c1200000| Complete  |  0
|  531|0x00000000c1300000, 0x00000000c1400000, 0x00000000c1400000|100%| S|CS|TAMS 0x00000000c1300000| PB 0x00000000c1300000| Complete  |  0
|  532|0x00000000c1400000, 0x00000000c1500000, 0x00000000c1500000|100%| S|CS|TAMS 0x00000000c1400000| PB 0x00000000c1400000| Complete  |  0
|  533|0x00000000c1500000, 0x00000000c1600000, 0x00000000c1600000|100%| S|CS|TAMS 0x00000000c1500000| PB 0x00000000c1500000| Complete  |  0
|  534|0x00000000c1600000, 0x00000000c1700000, 0x00000000c1700000|100%| S|CS|TAMS 0x00000000c1600000| PB 0x00000000c1600000| Complete  |  0
|  535|0x00000000c1700000, 0x00000000c1800000, 0x00000000c1800000|100%| S|CS|TAMS 0x00000000c1700000| PB 0x00000000c1700000| Complete  |  0
|  536|0x00000000c1800000, 0x00000000c1900000, 0x00000000c1900000|100%| S|CS|TAMS 0x00000000c1800000| PB 0x00000000c1800000| Complete  |  0
|  537|0x00000000c1900000, 0x00000000c1a00000, 0x00000000c1a00000|100%| S|CS|TAMS 0x00000000c1900000| PB 0x00000000c1900000| Complete  |  0
|  538|0x00000000c1a00000, 0x00000000c1b00000, 0x00000000c1b00000|100%| S|CS|TAMS 0x00000000c1a00000| PB 0x00000000c1a00000| Complete  |  0
|  539|0x00000000c1b00000, 0x00000000c1c00000, 0x00000000c1c00000|100%| S|CS|TAMS 0x00000000c1b00000| PB 0x00000000c1b00000| Complete  |  0
|  540|0x00000000c1c00000, 0x00000000c1d00000, 0x00000000c1d00000|100%| S|CS|TAMS 0x00000000c1c00000| PB 0x00000000c1c00000| Complete  |  0
|  541|0x00000000c1d00000, 0x00000000c1e00000, 0x00000000c1e00000|100%| S|CS|TAMS 0x00000000c1d00000| PB 0x00000000c1d00000| Complete  |  0
|  542|0x00000000c1e00000, 0x00000000c1f00000, 0x00000000c1f00000|100%| S|CS|TAMS 0x00000000c1e00000| PB 0x00000000c1e00000| Complete  |  0
|  543|0x00000000c1f00000, 0x00000000c2000000, 0x00000000c2000000|100%| S|CS|TAMS 0x00000000c1f00000| PB 0x00000000c1f00000| Complete  |  0
|  544|0x00000000c2000000, 0x00000000c2100000, 0x00000000c2100000|100%| S|CS|TAMS 0x00000000c2000000| PB 0x00000000c2000000| Complete  |  0
|  545|0x00000000c2100000, 0x00000000c2200000, 0x00000000c2200000|100%| S|CS|TAMS 0x00000000c2100000| PB 0x00000000c2100000| Complete  |  0
|  546|0x00000000c2200000, 0x00000000c2300000, 0x00000000c2300000|100%| S|CS|TAMS 0x00000000c2200000| PB 0x00000000c2200000| Complete  |  0
|  547|0x00000000c2300000, 0x00000000c2400000, 0x00000000c2400000|100%| S|CS|TAMS 0x00000000c2300000| PB 0x00000000c2300000| Complete  |  0
|  548|0x00000000c2400000, 0x00000000c2500000, 0x00000000c2500000|100%| S|CS|TAMS 0x00000000c2400000| PB 0x00000000c2400000| Complete  |  0
|  549|0x00000000c2500000, 0x00000000c2600000, 0x00000000c2600000|100%| S|CS|TAMS 0x00000000c2500000| PB 0x00000000c2500000| Complete  |  0
|  550|0x00000000c2600000, 0x00000000c2700000, 0x00000000c2700000|100%| S|CS|TAMS 0x00000000c2600000| PB 0x00000000c2600000| Complete  |  0
|  551|0x00000000c2700000, 0x00000000c2800000, 0x00000000c2800000|100%| S|CS|TAMS 0x00000000c2700000| PB 0x00000000c2700000| Complete  |  0
|  552|0x00000000c2800000, 0x00000000c2900000, 0x00000000c2900000|100%| S|CS|TAMS 0x00000000c2800000| PB 0x00000000c2800000| Complete  |  0
|  553|0x00000000c2900000, 0x00000000c2a00000, 0x00000000c2a00000|100%| S|CS|TAMS 0x00000000c2900000| PB 0x00000000c2900000| Complete  |  0
|  554|0x00000000c2a00000, 0x00000000c2b00000, 0x00000000c2b00000|100%| S|CS|TAMS 0x00000000c2a00000| PB 0x00000000c2a00000| Complete  |  0
|  555|0x00000000c2b00000, 0x00000000c2c00000, 0x00000000c2c00000|100%| S|CS|TAMS 0x00000000c2b00000| PB 0x00000000c2b00000| Complete  |  0
|  556|0x00000000c2c00000, 0x00000000c2d00000, 0x00000000c2d00000|100%| S|CS|TAMS 0x00000000c2c00000| PB 0x00000000c2c00000| Complete  |  0
|  557|0x00000000c2d00000, 0x00000000c2e00000, 0x00000000c2e00000|100%| S|CS|TAMS 0x00000000c2d00000| PB 0x00000000c2d00000| Complete  |  0
|  558|0x00000000c2e00000, 0x00000000c2f00000, 0x00000000c2f00000|100%| S|CS|TAMS 0x00000000c2e00000| PB 0x00000000c2e00000| Complete  |  0
|  559|0x00000000c2f00000, 0x00000000c3000000, 0x00000000c3000000|100%| S|CS|TAMS 0x00000000c2f00000| PB 0x00000000c2f00000| Complete  |  0
|  560|0x00000000c3000000, 0x00000000c3000000, 0x00000000c3100000|  0%| F|  |TAMS 0x00000000c3000000| PB 0x00000000c3000000| Untracked |  0
|  561|0x00000000c3100000, 0x00000000c3100000, 0x00000000c3200000|  0%| F|  |TAMS 0x00000000c3100000| PB 0x00000000c3100000| Untracked |  0
|  562|0x00000000c3200000, 0x00000000c3200000, 0x00000000c3300000|  0%| F|  |TAMS 0x00000000c3200000| PB 0x00000000c3200000| Untracked |  0
|  563|0x00000000c3300000, 0x00000000c3300000, 0x00000000c3400000|  0%| F|  |TAMS 0x00000000c3300000| PB 0x00000000c3300000| Untracked |  0
|  564|0x00000000c3400000, 0x00000000c3400000, 0x00000000c3500000|  0%| F|  |TAMS 0x00000000c3400000| PB 0x00000000c3400000| Untracked |  0
|  565|0x00000000c3500000, 0x00000000c3500000, 0x00000000c3600000|  0%| F|  |TAMS 0x00000000c3500000| PB 0x00000000c3500000| Untracked |  0
|  566|0x00000000c3600000, 0x00000000c3600000, 0x00000000c3700000|  0%| F|  |TAMS 0x00000000c3600000| PB 0x00000000c3600000| Untracked |  0
|  567|0x00000000c3700000, 0x00000000c3700000, 0x00000000c3800000|  0%| F|  |TAMS 0x00000000c3700000| PB 0x00000000c3700000| Untracked |  0
|  568|0x00000000c3800000, 0x00000000c3800000, 0x00000000c3900000|  0%| F|  |TAMS 0x00000000c3800000| PB 0x00000000c3800000| Untracked |  0
|  569|0x00000000c3900000, 0x00000000c3900000, 0x00000000c3a00000|  0%| F|  |TAMS 0x00000000c3900000| PB 0x00000000c3900000| Untracked |  0
|  570|0x00000000c3a00000, 0x00000000c3a00000, 0x00000000c3b00000|  0%| F|  |TAMS 0x00000000c3a00000| PB 0x00000000c3a00000| Untracked |  0
|  571|0x00000000c3b00000, 0x00000000c3b00000, 0x00000000c3c00000|  0%| F|  |TAMS 0x00000000c3b00000| PB 0x00000000c3b00000| Untracked |  0
|  572|0x00000000c3c00000, 0x00000000c3c00000, 0x00000000c3d00000|  0%| F|  |TAMS 0x00000000c3c00000| PB 0x00000000c3c00000| Untracked |  0
|  573|0x00000000c3d00000, 0x00000000c3d00000, 0x00000000c3e00000|  0%| F|  |TAMS 0x00000000c3d00000| PB 0x00000000c3d00000| Untracked |  0
|  574|0x00000000c3e00000, 0x00000000c3e00000, 0x00000000c3f00000|  0%| F|  |TAMS 0x00000000c3e00000| PB 0x00000000c3e00000| Untracked |  0
|  575|0x00000000c3f00000, 0x00000000c3f00000, 0x00000000c4000000|  0%| F|  |TAMS 0x00000000c3f00000| PB 0x00000000c3f00000| Untracked |  0
|  576|0x00000000c4000000, 0x00000000c4000000, 0x00000000c4100000|  0%| F|  |TAMS 0x00000000c4000000| PB 0x00000000c4000000| Untracked |  0
|  577|0x00000000c4100000, 0x00000000c4100000, 0x00000000c4200000|  0%| F|  |TAMS 0x00000000c4100000| PB 0x00000000c4100000| Untracked |  0
|  578|0x00000000c4200000, 0x00000000c4200000, 0x00000000c4300000|  0%| F|  |TAMS 0x00000000c4200000| PB 0x00000000c4200000| Untracked |  0
|  579|0x00000000c4300000, 0x00000000c4300000, 0x00000000c4400000|  0%| F|  |TAMS 0x00000000c4300000| PB 0x00000000c4300000| Untracked |  0
|  580|0x00000000c4400000, 0x00000000c4500000, 0x00000000c4500000|100%| O|Cr|TAMS 0x00000000c4400000| PB 0x00000000c4400000| Complete  |  0
|  581|0x00000000c4500000, 0x00000000c4500000, 0x00000000c4600000|  0%| F|  |TAMS 0x00000000c4500000| PB 0x00000000c4500000| Untracked |  0
|  582|0x00000000c4600000, 0x00000000c4600000, 0x00000000c4700000|  0%| F|  |TAMS 0x00000000c4600000| PB 0x00000000c4600000| Untracked |  0
|  583|0x00000000c4700000, 0x00000000c4700000, 0x00000000c4800000|  0%| F|  |TAMS 0x00000000c4700000| PB 0x00000000c4700000| Untracked |  0
|  584|0x00000000c4800000, 0x00000000c4800000, 0x00000000c4900000|  0%| F|  |TAMS 0x00000000c4800000| PB 0x00000000c4800000| Untracked |  0
|  585|0x00000000c4900000, 0x00000000c4900000, 0x00000000c4a00000|  0%| F|  |TAMS 0x00000000c4900000| PB 0x00000000c4900000| Untracked |  0
|  586|0x00000000c4a00000, 0x00000000c4a00000, 0x00000000c4b00000|  0%| F|  |TAMS 0x00000000c4a00000| PB 0x00000000c4a00000| Untracked |  0
|  587|0x00000000c4b00000, 0x00000000c4b00000, 0x00000000c4c00000|  0%| F|  |TAMS 0x00000000c4b00000| PB 0x00000000c4b00000| Untracked |  0
|  588|0x00000000c4c00000, 0x00000000c4c00000, 0x00000000c4d00000|  0%| F|  |TAMS 0x00000000c4c00000| PB 0x00000000c4c00000| Untracked |  0
|  589|0x00000000c4d00000, 0x00000000c4d00000, 0x00000000c4e00000|  0%| F|  |TAMS 0x00000000c4d00000| PB 0x00000000c4d00000| Untracked |  0
|  590|0x00000000c4e00000, 0x00000000c4e00000, 0x00000000c4f00000|  0%| F|  |TAMS 0x00000000c4e00000| PB 0x00000000c4e00000| Untracked |  0
|  591|0x00000000c4f00000, 0x00000000c4f00000, 0x00000000c5000000|  0%| F|  |TAMS 0x00000000c4f00000| PB 0x00000000c4f00000| Untracked |  0
|  592|0x00000000c5000000, 0x00000000c5000000, 0x00000000c5100000|  0%| F|  |TAMS 0x00000000c5000000| PB 0x00000000c5000000| Untracked |  0
|  593|0x00000000c5100000, 0x00000000c5100000, 0x00000000c5200000|  0%| F|  |TAMS 0x00000000c5100000| PB 0x00000000c5100000| Untracked |  0
|  594|0x00000000c5200000, 0x00000000c5200000, 0x00000000c5300000|  0%| F|  |TAMS 0x00000000c5200000| PB 0x00000000c5200000| Untracked |  0
|  595|0x00000000c5300000, 0x00000000c5300000, 0x00000000c5400000|  0%| F|  |TAMS 0x00000000c5300000| PB 0x00000000c5300000| Untracked |  0
|  596|0x00000000c5400000, 0x00000000c5400000, 0x00000000c5500000|  0%| F|  |TAMS 0x00000000c5400000| PB 0x00000000c5400000| Untracked |  0
|  597|0x00000000c5500000, 0x00000000c5500000, 0x00000000c5600000|  0%| F|  |TAMS 0x00000000c5500000| PB 0x00000000c5500000| Untracked |  0
|  598|0x00000000c5600000, 0x00000000c5600000, 0x00000000c5700000|  0%| F|  |TAMS 0x00000000c5600000| PB 0x00000000c5600000| Untracked |  0
|  599|0x00000000c5700000, 0x00000000c5700000, 0x00000000c5800000|  0%| F|  |TAMS 0x00000000c5700000| PB 0x00000000c5700000| Untracked |  0
|  600|0x00000000c5800000, 0x00000000c5800000, 0x00000000c5900000|  0%| F|  |TAMS 0x00000000c5800000| PB 0x00000000c5800000| Untracked |  0
|  601|0x00000000c5900000, 0x00000000c5900000, 0x00000000c5a00000|  0%| F|  |TAMS 0x00000000c5900000| PB 0x00000000c5900000| Untracked |  0
|  602|0x00000000c5a00000, 0x00000000c5a00000, 0x00000000c5b00000|  0%| F|  |TAMS 0x00000000c5a00000| PB 0x00000000c5a00000| Untracked |  0
|  603|0x00000000c5b00000, 0x00000000c5b00000, 0x00000000c5c00000|  0%| F|  |TAMS 0x00000000c5b00000| PB 0x00000000c5b00000| Untracked |  0
|  604|0x00000000c5c00000, 0x00000000c5c00000, 0x00000000c5d00000|  0%| F|  |TAMS 0x00000000c5c00000| PB 0x00000000c5c00000| Untracked |  0
|  605|0x00000000c5d00000, 0x00000000c5d00000, 0x00000000c5e00000|  0%| F|  |TAMS 0x00000000c5d00000| PB 0x00000000c5d00000| Untracked |  0
|  606|0x00000000c5e00000, 0x00000000c5e00000, 0x00000000c5f00000|  0%| F|  |TAMS 0x00000000c5e00000| PB 0x00000000c5e00000| Untracked |  0
|  607|0x00000000c5f00000, 0x00000000c5f00000, 0x00000000c6000000|  0%| F|  |TAMS 0x00000000c5f00000| PB 0x00000000c5f00000| Untracked |  0
|  608|0x00000000c6000000, 0x00000000c6000000, 0x00000000c6100000|  0%| F|  |TAMS 0x00000000c6000000| PB 0x00000000c6000000| Untracked |  0
|  609|0x00000000c6100000, 0x00000000c6100000, 0x00000000c6200000|  0%| F|  |TAMS 0x00000000c6100000| PB 0x00000000c6100000| Untracked |  0
|  610|0x00000000c6200000, 0x00000000c6200000, 0x00000000c6300000|  0%| F|  |TAMS 0x00000000c6200000| PB 0x00000000c6200000| Untracked |  0
|  611|0x00000000c6300000, 0x00000000c6300000, 0x00000000c6400000|  0%| F|  |TAMS 0x00000000c6300000| PB 0x00000000c6300000| Untracked |  0
|  612|0x00000000c6400000, 0x00000000c6400000, 0x00000000c6500000|  0%| F|  |TAMS 0x00000000c6400000| PB 0x00000000c6400000| Untracked |  0
|  613|0x00000000c6500000, 0x00000000c6500000, 0x00000000c6600000|  0%| F|  |TAMS 0x00000000c6500000| PB 0x00000000c6500000| Untracked |  0
|  614|0x00000000c6600000, 0x00000000c6600000, 0x00000000c6700000|  0%| F|  |TAMS 0x00000000c6600000| PB 0x00000000c6600000| Untracked |  0
|  615|0x00000000c6700000, 0x00000000c6700000, 0x00000000c6800000|  0%| F|  |TAMS 0x00000000c6700000| PB 0x00000000c6700000| Untracked |  0
|  616|0x00000000c6800000, 0x00000000c6800000, 0x00000000c6900000|  0%| F|  |TAMS 0x00000000c6800000| PB 0x00000000c6800000| Untracked |  0
|  617|0x00000000c6900000, 0x00000000c6900000, 0x00000000c6a00000|  0%| F|  |TAMS 0x00000000c6900000| PB 0x00000000c6900000| Untracked |  0
|  618|0x00000000c6a00000, 0x00000000c6a00000, 0x00000000c6b00000|  0%| F|  |TAMS 0x00000000c6a00000| PB 0x00000000c6a00000| Untracked |  0
|  619|0x00000000c6b00000, 0x00000000c6b00000, 0x00000000c6c00000|  0%| F|  |TAMS 0x00000000c6b00000| PB 0x00000000c6b00000| Untracked |  0
|  620|0x00000000c6c00000, 0x00000000c6c00000, 0x00000000c6d00000|  0%| F|  |TAMS 0x00000000c6c00000| PB 0x00000000c6c00000| Untracked |  0
|  621|0x00000000c6d00000, 0x00000000c6d00000, 0x00000000c6e00000|  0%| F|  |TAMS 0x00000000c6d00000| PB 0x00000000c6d00000| Untracked |  0
|  622|0x00000000c6e00000, 0x00000000c6e00000, 0x00000000c6f00000|  0%| F|  |TAMS 0x00000000c6e00000| PB 0x00000000c6e00000| Untracked |  0
|  623|0x00000000c6f00000, 0x00000000c6f00000, 0x00000000c7000000|  0%| F|  |TAMS 0x00000000c6f00000| PB 0x00000000c6f00000| Untracked |  0
|  624|0x00000000c7000000, 0x00000000c7000000, 0x00000000c7100000|  0%| F|  |TAMS 0x00000000c7000000| PB 0x00000000c7000000| Untracked |  0
|  625|0x00000000c7100000, 0x00000000c7100000, 0x00000000c7200000|  0%| F|  |TAMS 0x00000000c7100000| PB 0x00000000c7100000| Untracked |  0
|  626|0x00000000c7200000, 0x00000000c7200000, 0x00000000c7300000|  0%| F|  |TAMS 0x00000000c7200000| PB 0x00000000c7200000| Untracked |  0
|  627|0x00000000c7300000, 0x00000000c7300000, 0x00000000c7400000|  0%| F|  |TAMS 0x00000000c7300000| PB 0x00000000c7300000| Untracked |  0
|  628|0x00000000c7400000, 0x00000000c7400000, 0x00000000c7500000|  0%| F|  |TAMS 0x00000000c7400000| PB 0x00000000c7400000| Untracked |  0
|  629|0x00000000c7500000, 0x00000000c7500000, 0x00000000c7600000|  0%| F|  |TAMS 0x00000000c7500000| PB 0x00000000c7500000| Untracked |  0
|  630|0x00000000c7600000, 0x00000000c7700000, 0x00000000c7700000|100%| O|Cr|TAMS 0x00000000c7600000| PB 0x00000000c7600000| Complete  |  0
|  631|0x00000000c7700000, 0x00000000c7700000, 0x00000000c7800000|  0%| F|  |TAMS 0x00000000c7700000| PB 0x00000000c7700000| Untracked |  0
|  632|0x00000000c7800000, 0x00000000c7800000, 0x00000000c7900000|  0%| F|  |TAMS 0x00000000c7800000| PB 0x00000000c7800000| Untracked |  0
|  633|0x00000000c7900000, 0x00000000c7900000, 0x00000000c7a00000|  0%| F|  |TAMS 0x00000000c7900000| PB 0x00000000c7900000| Untracked |  0
|  634|0x00000000c7a00000, 0x00000000c7a00000, 0x00000000c7b00000|  0%| F|  |TAMS 0x00000000c7a00000| PB 0x00000000c7a00000| Untracked |  0
|  635|0x00000000c7b00000, 0x00000000c7b00000, 0x00000000c7c00000|  0%| F|  |TAMS 0x00000000c7b00000| PB 0x00000000c7b00000| Untracked |  0
|  636|0x00000000c7c00000, 0x00000000c7c00000, 0x00000000c7d00000|  0%| F|  |TAMS 0x00000000c7c00000| PB 0x00000000c7c00000| Untracked |  0
|  637|0x00000000c7d00000, 0x00000000c7d00000, 0x00000000c7e00000|  0%| F|  |TAMS 0x00000000c7d00000| PB 0x00000000c7d00000| Untracked |  0
|  638|0x00000000c7e00000, 0x00000000c7e00000, 0x00000000c7f00000|  0%| F|  |TAMS 0x00000000c7e00000| PB 0x00000000c7e00000| Untracked |  0
|  639|0x00000000c7f00000, 0x00000000c7f00000, 0x00000000c8000000|  0%| F|  |TAMS 0x00000000c7f00000| PB 0x00000000c7f00000| Untracked |  0
|  640|0x00000000c8000000, 0x00000000c8000000, 0x00000000c8100000|  0%| F|  |TAMS 0x00000000c8000000| PB 0x00000000c8000000| Untracked |  0
|  641|0x00000000c8100000, 0x00000000c8100000, 0x00000000c8200000|  0%| F|  |TAMS 0x00000000c8100000| PB 0x00000000c8100000| Untracked |  0
|  642|0x00000000c8200000, 0x00000000c8200000, 0x00000000c8300000|  0%| F|  |TAMS 0x00000000c8200000| PB 0x00000000c8200000| Untracked |  0
|  643|0x00000000c8300000, 0x00000000c8300000, 0x00000000c8400000|  0%| F|  |TAMS 0x00000000c8300000| PB 0x00000000c8300000| Untracked |  0
|  644|0x00000000c8400000, 0x00000000c8400000, 0x00000000c8500000|  0%| F|  |TAMS 0x00000000c8400000| PB 0x00000000c8400000| Untracked |  0
|  645|0x00000000c8500000, 0x00000000c8500000, 0x00000000c8600000|  0%| F|  |TAMS 0x00000000c8500000| PB 0x00000000c8500000| Untracked |  0
|  646|0x00000000c8600000, 0x00000000c8600000, 0x00000000c8700000|  0%| F|  |TAMS 0x00000000c8600000| PB 0x00000000c8600000| Untracked |  0
|  647|0x00000000c8700000, 0x00000000c8700000, 0x00000000c8800000|  0%| F|  |TAMS 0x00000000c8700000| PB 0x00000000c8700000| Untracked |  0
|  648|0x00000000c8800000, 0x00000000c8800000, 0x00000000c8900000|  0%| F|  |TAMS 0x00000000c8800000| PB 0x00000000c8800000| Untracked |  0
|  649|0x00000000c8900000, 0x00000000c8900000, 0x00000000c8a00000|  0%| F|  |TAMS 0x00000000c8900000| PB 0x00000000c8900000| Untracked |  0
|  650|0x00000000c8a00000, 0x00000000c8a00000, 0x00000000c8b00000|  0%| F|  |TAMS 0x00000000c8a00000| PB 0x00000000c8a00000| Untracked |  0
|  651|0x00000000c8b00000, 0x00000000c8b00000, 0x00000000c8c00000|  0%| F|  |TAMS 0x00000000c8b00000| PB 0x00000000c8b00000| Untracked |  0
|  652|0x00000000c8c00000, 0x00000000c8c00000, 0x00000000c8d00000|  0%| F|  |TAMS 0x00000000c8c00000| PB 0x00000000c8c00000| Untracked |  0
|  653|0x00000000c8d00000, 0x00000000c8d00000, 0x00000000c8e00000|  0%| F|  |TAMS 0x00000000c8d00000| PB 0x00000000c8d00000| Untracked |  0
|  654|0x00000000c8e00000, 0x00000000c8e00000, 0x00000000c8f00000|  0%| F|  |TAMS 0x00000000c8e00000| PB 0x00000000c8e00000| Untracked |  0
|  655|0x00000000c8f00000, 0x00000000c8f00000, 0x00000000c9000000|  0%| F|  |TAMS 0x00000000c8f00000| PB 0x00000000c8f00000| Untracked |  0
|  656|0x00000000c9000000, 0x00000000c9000000, 0x00000000c9100000|  0%| F|  |TAMS 0x00000000c9000000| PB 0x00000000c9000000| Untracked |  0
|  657|0x00000000c9100000, 0x00000000c9100000, 0x00000000c9200000|  0%| F|  |TAMS 0x00000000c9100000| PB 0x00000000c9100000| Untracked |  0
|  658|0x00000000c9200000, 0x00000000c9200000, 0x00000000c9300000|  0%| F|  |TAMS 0x00000000c9200000| PB 0x00000000c9200000| Untracked |  0
|  659|0x00000000c9300000, 0x00000000c9300000, 0x00000000c9400000|  0%| F|  |TAMS 0x00000000c9300000| PB 0x00000000c9300000| Untracked |  0
|  660|0x00000000c9400000, 0x00000000c9400000, 0x00000000c9500000|  0%| F|  |TAMS 0x00000000c9400000| PB 0x00000000c9400000| Untracked |  0
|  661|0x00000000c9500000, 0x00000000c9500000, 0x00000000c9600000|  0%| F|  |TAMS 0x00000000c9500000| PB 0x00000000c9500000| Untracked |  0
|  662|0x00000000c9600000, 0x00000000c9600000, 0x00000000c9700000|  0%| F|  |TAMS 0x00000000c9600000| PB 0x00000000c9600000| Untracked |  0
|  663|0x00000000c9700000, 0x00000000c9700000, 0x00000000c9800000|  0%| F|  |TAMS 0x00000000c9700000| PB 0x00000000c9700000| Untracked |  0
|  664|0x00000000c9800000, 0x00000000c9800000, 0x00000000c9900000|  0%| F|  |TAMS 0x00000000c9800000| PB 0x00000000c9800000| Untracked |  0
|  665|0x00000000c9900000, 0x00000000c9900000, 0x00000000c9a00000|  0%| F|  |TAMS 0x00000000c9900000| PB 0x00000000c9900000| Untracked |  0
|  666|0x00000000c9a00000, 0x00000000c9a00000, 0x00000000c9b00000|  0%| F|  |TAMS 0x00000000c9a00000| PB 0x00000000c9a00000| Untracked |  0
|  667|0x00000000c9b00000, 0x00000000c9b00000, 0x00000000c9c00000|  0%| F|  |TAMS 0x00000000c9b00000| PB 0x00000000c9b00000| Untracked |  0
|  668|0x00000000c9c00000, 0x00000000c9c00000, 0x00000000c9d00000|  0%| F|  |TAMS 0x00000000c9c00000| PB 0x00000000c9c00000| Untracked |  0
|  669|0x00000000c9d00000, 0x00000000c9d00000, 0x00000000c9e00000|  0%| F|  |TAMS 0x00000000c9d00000| PB 0x00000000c9d00000| Untracked |  0
|  670|0x00000000c9e00000, 0x00000000c9e00000, 0x00000000c9f00000|  0%| F|  |TAMS 0x00000000c9e00000| PB 0x00000000c9e00000| Untracked |  0
|  671|0x00000000c9f00000, 0x00000000c9f00000, 0x00000000ca000000|  0%| F|  |TAMS 0x00000000c9f00000| PB 0x00000000c9f00000| Untracked |  0
|  672|0x00000000ca000000, 0x00000000ca000000, 0x00000000ca100000|  0%| F|  |TAMS 0x00000000ca000000| PB 0x00000000ca000000| Untracked |  0
|  673|0x00000000ca100000, 0x00000000ca100000, 0x00000000ca200000|  0%| F|  |TAMS 0x00000000ca100000| PB 0x00000000ca100000| Untracked |  0
|  674|0x00000000ca200000, 0x00000000ca200000, 0x00000000ca300000|  0%| F|  |TAMS 0x00000000ca200000| PB 0x00000000ca200000| Untracked |  0
|  675|0x00000000ca300000, 0x00000000ca300000, 0x00000000ca400000|  0%| F|  |TAMS 0x00000000ca300000| PB 0x00000000ca300000| Untracked |  0
|  676|0x00000000ca400000, 0x00000000ca400000, 0x00000000ca500000|  0%| F|  |TAMS 0x00000000ca400000| PB 0x00000000ca400000| Untracked |  0
|  677|0x00000000ca500000, 0x00000000ca500000, 0x00000000ca600000|  0%| F|  |TAMS 0x00000000ca500000| PB 0x00000000ca500000| Untracked |  0
|  678|0x00000000ca600000, 0x00000000ca600000, 0x00000000ca700000|  0%| F|  |TAMS 0x00000000ca600000| PB 0x00000000ca600000| Untracked |  0
|  679|0x00000000ca700000, 0x00000000ca700000, 0x00000000ca800000|  0%| F|  |TAMS 0x00000000ca700000| PB 0x00000000ca700000| Untracked |  0
|  680|0x00000000ca800000, 0x00000000ca800000, 0x00000000ca900000|  0%| F|  |TAMS 0x00000000ca800000| PB 0x00000000ca800000| Untracked |  0
|  681|0x00000000ca900000, 0x00000000ca900000, 0x00000000caa00000|  0%| F|  |TAMS 0x00000000ca900000| PB 0x00000000ca900000| Untracked |  0
|  682|0x00000000caa00000, 0x00000000caa00000, 0x00000000cab00000|  0%| F|  |TAMS 0x00000000caa00000| PB 0x00000000caa00000| Untracked |  0
|  683|0x00000000cab00000, 0x00000000cab00000, 0x00000000cac00000|  0%| F|  |TAMS 0x00000000cab00000| PB 0x00000000cab00000| Untracked |  0
|  684|0x00000000cac00000, 0x00000000cac00000, 0x00000000cad00000|  0%| F|  |TAMS 0x00000000cac00000| PB 0x00000000cac00000| Untracked |  0
|  685|0x00000000cad00000, 0x00000000cad00000, 0x00000000cae00000|  0%| F|  |TAMS 0x00000000cad00000| PB 0x00000000cad00000| Untracked |  0
|  686|0x00000000cae00000, 0x00000000cae00000, 0x00000000caf00000|  0%| F|  |TAMS 0x00000000cae00000| PB 0x00000000cae00000| Untracked |  0
|  687|0x00000000caf00000, 0x00000000caf00000, 0x00000000cb000000|  0%| F|  |TAMS 0x00000000caf00000| PB 0x00000000caf00000| Untracked |  0
|  688|0x00000000cb000000, 0x00000000cb000000, 0x00000000cb100000|  0%| F|  |TAMS 0x00000000cb000000| PB 0x00000000cb000000| Untracked |  0
|  689|0x00000000cb100000, 0x00000000cb100000, 0x00000000cb200000|  0%| F|  |TAMS 0x00000000cb100000| PB 0x00000000cb100000| Untracked |  0
|  690|0x00000000cb200000, 0x00000000cb200000, 0x00000000cb300000|  0%| F|  |TAMS 0x00000000cb200000| PB 0x00000000cb200000| Untracked |  0
|  691|0x00000000cb300000, 0x00000000cb300000, 0x00000000cb400000|  0%| F|  |TAMS 0x00000000cb300000| PB 0x00000000cb300000| Untracked |  0
|  692|0x00000000cb400000, 0x00000000cb400000, 0x00000000cb500000|  0%| F|  |TAMS 0x00000000cb400000| PB 0x00000000cb400000| Untracked |  0
|  693|0x00000000cb500000, 0x00000000cb500000, 0x00000000cb600000|  0%| F|  |TAMS 0x00000000cb500000| PB 0x00000000cb500000| Untracked |  0
|  694|0x00000000cb600000, 0x00000000cb600000, 0x00000000cb700000|  0%| F|  |TAMS 0x00000000cb600000| PB 0x00000000cb600000| Untracked |  0
|  695|0x00000000cb700000, 0x00000000cb700000, 0x00000000cb800000|  0%| F|  |TAMS 0x00000000cb700000| PB 0x00000000cb700000| Untracked |  0
|  696|0x00000000cb800000, 0x00000000cb800000, 0x00000000cb900000|  0%| F|  |TAMS 0x00000000cb800000| PB 0x00000000cb800000| Untracked |  0
|  697|0x00000000cb900000, 0x00000000cb900000, 0x00000000cba00000|  0%| F|  |TAMS 0x00000000cb900000| PB 0x00000000cb900000| Untracked |  0
|  698|0x00000000cba00000, 0x00000000cba00000, 0x00000000cbb00000|  0%| F|  |TAMS 0x00000000cba00000| PB 0x00000000cba00000| Untracked |  0
|  699|0x00000000cbb00000, 0x00000000cbb00000, 0x00000000cbc00000|  0%| F|  |TAMS 0x00000000cbb00000| PB 0x00000000cbb00000| Untracked |  0
|  700|0x00000000cbc00000, 0x00000000cbc00000, 0x00000000cbd00000|  0%| F|  |TAMS 0x00000000cbc00000| PB 0x00000000cbc00000| Untracked |  0
|  701|0x00000000cbd00000, 0x00000000cbd00000, 0x00000000cbe00000|  0%| F|  |TAMS 0x00000000cbd00000| PB 0x00000000cbd00000| Untracked |  0
|  702|0x00000000cbe00000, 0x00000000cbe00000, 0x00000000cbf00000|  0%| F|  |TAMS 0x00000000cbe00000| PB 0x00000000cbe00000| Untracked |  0
|  703|0x00000000cbf00000, 0x00000000cbf00000, 0x00000000cc000000|  0%| F|  |TAMS 0x00000000cbf00000| PB 0x00000000cbf00000| Untracked |  0
|  704|0x00000000cc000000, 0x00000000cc000000, 0x00000000cc100000|  0%| F|  |TAMS 0x00000000cc000000| PB 0x00000000cc000000| Untracked |  0
|  705|0x00000000cc100000, 0x00000000cc100000, 0x00000000cc200000|  0%| F|  |TAMS 0x00000000cc100000| PB 0x00000000cc100000| Untracked |  0
|  706|0x00000000cc200000, 0x00000000cc200000, 0x00000000cc300000|  0%| F|  |TAMS 0x00000000cc200000| PB 0x00000000cc200000| Untracked |  0
|  707|0x00000000cc300000, 0x00000000cc300000, 0x00000000cc400000|  0%| F|  |TAMS 0x00000000cc300000| PB 0x00000000cc300000| Untracked |  0
|  708|0x00000000cc400000, 0x00000000cc400000, 0x00000000cc500000|  0%| F|  |TAMS 0x00000000cc400000| PB 0x00000000cc400000| Untracked |  0
|  709|0x00000000cc500000, 0x00000000cc500000, 0x00000000cc600000|  0%| F|  |TAMS 0x00000000cc500000| PB 0x00000000cc500000| Untracked |  0
|  710|0x00000000cc600000, 0x00000000cc600000, 0x00000000cc700000|  0%| F|  |TAMS 0x00000000cc600000| PB 0x00000000cc600000| Untracked |  0
|  711|0x00000000cc700000, 0x00000000cc700000, 0x00000000cc800000|  0%| F|  |TAMS 0x00000000cc700000| PB 0x00000000cc700000| Untracked |  0
|  712|0x00000000cc800000, 0x00000000cc800000, 0x00000000cc900000|  0%| F|  |TAMS 0x00000000cc800000| PB 0x00000000cc800000| Untracked |  0
|  713|0x00000000cc900000, 0x00000000cc900000, 0x00000000cca00000|  0%| F|  |TAMS 0x00000000cc900000| PB 0x00000000cc900000| Untracked |  0
|  714|0x00000000cca00000, 0x00000000cca00000, 0x00000000ccb00000|  0%| F|  |TAMS 0x00000000cca00000| PB 0x00000000cca00000| Untracked |  0
|  715|0x00000000ccb00000, 0x00000000ccb00000, 0x00000000ccc00000|  0%| F|  |TAMS 0x00000000ccb00000| PB 0x00000000ccb00000| Untracked |  0
|  716|0x00000000ccc00000, 0x00000000ccc00000, 0x00000000ccd00000|  0%| F|  |TAMS 0x00000000ccc00000| PB 0x00000000ccc00000| Untracked |  0
|  717|0x00000000ccd00000, 0x00000000ccd00000, 0x00000000cce00000|  0%| F|  |TAMS 0x00000000ccd00000| PB 0x00000000ccd00000| Untracked |  0
|  718|0x00000000cce00000, 0x00000000cce00000, 0x00000000ccf00000|  0%| F|  |TAMS 0x00000000cce00000| PB 0x00000000cce00000| Untracked |  0
|  719|0x00000000ccf00000, 0x00000000ccf00000, 0x00000000cd000000|  0%| F|  |TAMS 0x00000000ccf00000| PB 0x00000000ccf00000| Untracked |  0
|  720|0x00000000cd000000, 0x00000000cd000000, 0x00000000cd100000|  0%| F|  |TAMS 0x00000000cd000000| PB 0x00000000cd000000| Untracked |  0
|  721|0x00000000cd100000, 0x00000000cd100000, 0x00000000cd200000|  0%| F|  |TAMS 0x00000000cd100000| PB 0x00000000cd100000| Untracked |  0
|  722|0x00000000cd200000, 0x00000000cd200000, 0x00000000cd300000|  0%| F|  |TAMS 0x00000000cd200000| PB 0x00000000cd200000| Untracked |  0
|  723|0x00000000cd300000, 0x00000000cd300000, 0x00000000cd400000|  0%| F|  |TAMS 0x00000000cd300000| PB 0x00000000cd300000| Untracked |  0
|  724|0x00000000cd400000, 0x00000000cd400000, 0x00000000cd500000|  0%| F|  |TAMS 0x00000000cd400000| PB 0x00000000cd400000| Untracked |  0
|  725|0x00000000cd500000, 0x00000000cd500000, 0x00000000cd600000|  0%| F|  |TAMS 0x00000000cd500000| PB 0x00000000cd500000| Untracked |  0
|  726|0x00000000cd600000, 0x00000000cd600000, 0x00000000cd700000|  0%| F|  |TAMS 0x00000000cd600000| PB 0x00000000cd600000| Untracked |  0
|  727|0x00000000cd700000, 0x00000000cd700000, 0x00000000cd800000|  0%| F|  |TAMS 0x00000000cd700000| PB 0x00000000cd700000| Untracked |  0
|  728|0x00000000cd800000, 0x00000000cd800000, 0x00000000cd900000|  0%| F|  |TAMS 0x00000000cd800000| PB 0x00000000cd800000| Untracked |  0
|  729|0x00000000cd900000, 0x00000000cd900000, 0x00000000cda00000|  0%| F|  |TAMS 0x00000000cd900000| PB 0x00000000cd900000| Untracked |  0
|  730|0x00000000cda00000, 0x00000000cda00000, 0x00000000cdb00000|  0%| F|  |TAMS 0x00000000cda00000| PB 0x00000000cda00000| Untracked |  0
|  731|0x00000000cdb00000, 0x00000000cdb00000, 0x00000000cdc00000|  0%| F|  |TAMS 0x00000000cdb00000| PB 0x00000000cdb00000| Untracked |  0
|  732|0x00000000cdc00000, 0x00000000cdc00000, 0x00000000cdd00000|  0%| F|  |TAMS 0x00000000cdc00000| PB 0x00000000cdc00000| Untracked |  0
|  733|0x00000000cdd00000, 0x00000000cdd00000, 0x00000000cde00000|  0%| F|  |TAMS 0x00000000cdd00000| PB 0x00000000cdd00000| Untracked |  0
|  734|0x00000000cde00000, 0x00000000cde00000, 0x00000000cdf00000|  0%| F|  |TAMS 0x00000000cde00000| PB 0x00000000cde00000| Untracked |  0
|  735|0x00000000cdf00000, 0x00000000cdf00000, 0x00000000ce000000|  0%| F|  |TAMS 0x00000000cdf00000| PB 0x00000000cdf00000| Untracked |  0
|  736|0x00000000ce000000, 0x00000000ce000000, 0x00000000ce100000|  0%| F|  |TAMS 0x00000000ce000000| PB 0x00000000ce000000| Untracked |  0
|  737|0x00000000ce100000, 0x00000000ce129608, 0x00000000ce200000| 16%| E|CS|TAMS 0x00000000ce100000| PB 0x00000000ce100000| Complete  |  0
|  738|0x00000000ce200000, 0x00000000ce300000, 0x00000000ce300000|100%| E|CS|TAMS 0x00000000ce200000| PB 0x00000000ce200000| Complete  |  0
|  739|0x00000000ce300000, 0x00000000ce400000, 0x00000000ce400000|100%| E|CS|TAMS 0x00000000ce300000| PB 0x00000000ce300000| Complete  |  0
|  740|0x00000000ce400000, 0x00000000ce500000, 0x00000000ce500000|100%| E|CS|TAMS 0x00000000ce400000| PB 0x00000000ce400000| Complete  |  1
|  741|0x00000000ce500000, 0x00000000ce600000, 0x00000000ce600000|100%| E|CS|TAMS 0x00000000ce500000| PB 0x00000000ce500000| Complete  |  0
|  742|0x00000000ce600000, 0x00000000ce700000, 0x00000000ce700000|100%| E|CS|TAMS 0x00000000ce600000| PB 0x00000000ce600000| Complete  |  0
|  743|0x00000000ce700000, 0x00000000ce800000, 0x00000000ce800000|100%| E|CS|TAMS 0x00000000ce700000| PB 0x00000000ce700000| Complete  |  0
|  744|0x00000000ce800000, 0x00000000ce900000, 0x00000000ce900000|100%| E|CS|TAMS 0x00000000ce800000| PB 0x00000000ce800000| Complete  |  0
|  745|0x00000000ce900000, 0x00000000cea00000, 0x00000000cea00000|100%| E|CS|TAMS 0x00000000ce900000| PB 0x00000000ce900000| Complete  |  0
|  746|0x00000000cea00000, 0x00000000ceb00000, 0x00000000ceb00000|100%| E|CS|TAMS 0x00000000cea00000| PB 0x00000000cea00000| Complete  |  0
|  747|0x00000000ceb00000, 0x00000000cec00000, 0x00000000cec00000|100%| E|CS|TAMS 0x00000000ceb00000| PB 0x00000000ceb00000| Complete  |  0
|  748|0x00000000cec00000, 0x00000000ced00000, 0x00000000ced00000|100%| E|CS|TAMS 0x00000000cec00000| PB 0x00000000cec00000| Complete  |  0
|  749|0x00000000ced00000, 0x00000000cee00000, 0x00000000cee00000|100%| E|CS|TAMS 0x00000000ced00000| PB 0x00000000ced00000| Complete  |  0
|  750|0x00000000cee00000, 0x00000000cef00000, 0x00000000cef00000|100%| E|CS|TAMS 0x00000000cee00000| PB 0x00000000cee00000| Complete  |  0
|  751|0x00000000cef00000, 0x00000000cf000000, 0x00000000cf000000|100%| E|CS|TAMS 0x00000000cef00000| PB 0x00000000cef00000| Complete  |  0
|  752|0x00000000cf000000, 0x00000000cf100000, 0x00000000cf100000|100%| E|CS|TAMS 0x00000000cf000000| PB 0x00000000cf000000| Complete  |  0
|  753|0x00000000cf100000, 0x00000000cf200000, 0x00000000cf200000|100%| E|CS|TAMS 0x00000000cf100000| PB 0x00000000cf100000| Complete  |  0
|  754|0x00000000cf200000, 0x00000000cf300000, 0x00000000cf300000|100%| E|CS|TAMS 0x00000000cf200000| PB 0x00000000cf200000| Complete  |  0
|  755|0x00000000cf300000, 0x00000000cf400000, 0x00000000cf400000|100%| E|CS|TAMS 0x00000000cf300000| PB 0x00000000cf300000| Complete  |  0
|  756|0x00000000cf400000, 0x00000000cf500000, 0x00000000cf500000|100%| E|CS|TAMS 0x00000000cf400000| PB 0x00000000cf400000| Complete  |  0
|  757|0x00000000cf500000, 0x00000000cf600000, 0x00000000cf600000|100%| E|CS|TAMS 0x00000000cf500000| PB 0x00000000cf500000| Complete  |  0
|  758|0x00000000cf600000, 0x00000000cf700000, 0x00000000cf700000|100%| E|CS|TAMS 0x00000000cf600000| PB 0x00000000cf600000| Complete  |  0
|  759|0x00000000cf700000, 0x00000000cf800000, 0x00000000cf800000|100%| E|CS|TAMS 0x00000000cf700000| PB 0x00000000cf700000| Complete  |  0
|  760|0x00000000cf800000, 0x00000000cf900000, 0x00000000cf900000|100%| E|CS|TAMS 0x00000000cf800000| PB 0x00000000cf800000| Complete  |  0
|  761|0x00000000cf900000, 0x00000000cfa00000, 0x00000000cfa00000|100%| E|CS|TAMS 0x00000000cf900000| PB 0x00000000cf900000| Complete  |  0
|  762|0x00000000cfa00000, 0x00000000cfb00000, 0x00000000cfb00000|100%| E|CS|TAMS 0x00000000cfa00000| PB 0x00000000cfa00000| Complete  |  0
|  763|0x00000000cfb00000, 0x00000000cfc00000, 0x00000000cfc00000|100%| E|CS|TAMS 0x00000000cfb00000| PB 0x00000000cfb00000| Complete  |  0
|  764|0x00000000cfc00000, 0x00000000cfd00000, 0x00000000cfd00000|100%| E|CS|TAMS 0x00000000cfc00000| PB 0x00000000cfc00000| Complete  |  0
|  765|0x00000000cfd00000, 0x00000000cfe00000, 0x00000000cfe00000|100%| E|CS|TAMS 0x00000000cfd00000| PB 0x00000000cfd00000| Complete  |  0
|  766|0x00000000cfe00000, 0x00000000cff00000, 0x00000000cff00000|100%| E|CS|TAMS 0x00000000cfe00000| PB 0x00000000cfe00000| Complete  |  0
|  767|0x00000000cff00000, 0x00000000d0000000, 0x00000000d0000000|100%| E|CS|TAMS 0x00000000cff00000| PB 0x00000000cff00000| Complete  |  0
|  768|0x00000000d0000000, 0x00000000d0100000, 0x00000000d0100000|100%| E|CS|TAMS 0x00000000d0000000| PB 0x00000000d0000000| Complete  |  0
|  769|0x00000000d0100000, 0x00000000d0200000, 0x00000000d0200000|100%| E|CS|TAMS 0x00000000d0100000| PB 0x00000000d0100000| Complete  |  0
|  770|0x00000000d0200000, 0x00000000d0300000, 0x00000000d0300000|100%| E|CS|TAMS 0x00000000d0200000| PB 0x00000000d0200000| Complete  |  0
|  771|0x00000000d0300000, 0x00000000d0400000, 0x00000000d0400000|100%| E|CS|TAMS 0x00000000d0300000| PB 0x00000000d0300000| Complete  |  0
|  772|0x00000000d0400000, 0x00000000d0500000, 0x00000000d0500000|100%| E|CS|TAMS 0x00000000d0400000| PB 0x00000000d0400000| Complete  |  0
|  773|0x00000000d0500000, 0x00000000d0600000, 0x00000000d0600000|100%| E|CS|TAMS 0x00000000d0500000| PB 0x00000000d0500000| Complete  |  0
|  774|0x00000000d0600000, 0x00000000d0700000, 0x00000000d0700000|100%| E|CS|TAMS 0x00000000d0600000| PB 0x00000000d0600000| Complete  |  0
|  775|0x00000000d0700000, 0x00000000d0800000, 0x00000000d0800000|100%| E|CS|TAMS 0x00000000d0700000| PB 0x00000000d0700000| Complete  |  0
|  776|0x00000000d0800000, 0x00000000d0900000, 0x00000000d0900000|100%| E|CS|TAMS 0x00000000d0800000| PB 0x00000000d0800000| Complete  |  0
|  777|0x00000000d0900000, 0x00000000d0a00000, 0x00000000d0a00000|100%| E|CS|TAMS 0x00000000d0900000| PB 0x00000000d0900000| Complete  |  0
|  778|0x00000000d0a00000, 0x00000000d0b00000, 0x00000000d0b00000|100%| E|CS|TAMS 0x00000000d0a00000| PB 0x00000000d0a00000| Complete  |  0
|  779|0x00000000d0b00000, 0x00000000d0c00000, 0x00000000d0c00000|100%| E|CS|TAMS 0x00000000d0b00000| PB 0x00000000d0b00000| Complete  |  0
|  780|0x00000000d0c00000, 0x00000000d0d00000, 0x00000000d0d00000|100%| E|CS|TAMS 0x00000000d0c00000| PB 0x00000000d0c00000| Complete  |  0
|  781|0x00000000d0d00000, 0x00000000d0e00000, 0x00000000d0e00000|100%| E|CS|TAMS 0x00000000d0d00000| PB 0x00000000d0d00000| Complete  |  0
|  782|0x00000000d0e00000, 0x00000000d0f00000, 0x00000000d0f00000|100%| E|CS|TAMS 0x00000000d0e00000| PB 0x00000000d0e00000| Complete  |  0
|  783|0x00000000d0f00000, 0x00000000d1000000, 0x00000000d1000000|100%| E|CS|TAMS 0x00000000d0f00000| PB 0x00000000d0f00000| Complete  |  0
|  784|0x00000000d1000000, 0x00000000d1100000, 0x00000000d1100000|100%| E|CS|TAMS 0x00000000d1000000| PB 0x00000000d1000000| Complete  |  0
|  785|0x00000000d1100000, 0x00000000d1200000, 0x00000000d1200000|100%| E|CS|TAMS 0x00000000d1100000| PB 0x00000000d1100000| Complete  |  0
|  786|0x00000000d1200000, 0x00000000d1300000, 0x00000000d1300000|100%| E|CS|TAMS 0x00000000d1200000| PB 0x00000000d1200000| Complete  |  0
|  787|0x00000000d1300000, 0x00000000d1400000, 0x00000000d1400000|100%| E|CS|TAMS 0x00000000d1300000| PB 0x00000000d1300000| Complete  |  0
|  788|0x00000000d1400000, 0x00000000d1500000, 0x00000000d1500000|100%| E|CS|TAMS 0x00000000d1400000| PB 0x00000000d1400000| Complete  |  0
|  789|0x00000000d1500000, 0x00000000d1600000, 0x00000000d1600000|100%| E|CS|TAMS 0x00000000d1500000| PB 0x00000000d1500000| Complete  |  0
|  790|0x00000000d1600000, 0x00000000d1700000, 0x00000000d1700000|100%| E|CS|TAMS 0x00000000d1600000| PB 0x00000000d1600000| Complete  |  0
|  791|0x00000000d1700000, 0x00000000d1800000, 0x00000000d1800000|100%| E|CS|TAMS 0x00000000d1700000| PB 0x00000000d1700000| Complete  |  0
|  792|0x00000000d1800000, 0x00000000d1900000, 0x00000000d1900000|100%| E|CS|TAMS 0x00000000d1800000| PB 0x00000000d1800000| Complete  |  0
|  793|0x00000000d1900000, 0x00000000d1a00000, 0x00000000d1a00000|100%| E|CS|TAMS 0x00000000d1900000| PB 0x00000000d1900000| Complete  |  0
|  794|0x00000000d1a00000, 0x00000000d1b00000, 0x00000000d1b00000|100%| E|CS|TAMS 0x00000000d1a00000| PB 0x00000000d1a00000| Complete  |  0
|  795|0x00000000d1b00000, 0x00000000d1c00000, 0x00000000d1c00000|100%| E|CS|TAMS 0x00000000d1b00000| PB 0x00000000d1b00000| Complete  |  0
|  796|0x00000000d1c00000, 0x00000000d1d00000, 0x00000000d1d00000|100%| E|CS|TAMS 0x00000000d1c00000| PB 0x00000000d1c00000| Complete  |  0
|  797|0x00000000d1d00000, 0x00000000d1e00000, 0x00000000d1e00000|100%| E|CS|TAMS 0x00000000d1d00000| PB 0x00000000d1d00000| Complete  |  0
|  798|0x00000000d1e00000, 0x00000000d1f00000, 0x00000000d1f00000|100%| E|CS|TAMS 0x00000000d1e00000| PB 0x00000000d1e00000| Complete  |  0
|  799|0x00000000d1f00000, 0x00000000d2000000, 0x00000000d2000000|100%| E|CS|TAMS 0x00000000d1f00000| PB 0x00000000d1f00000| Complete  |  0
|  800|0x00000000d2000000, 0x00000000d2100000, 0x00000000d2100000|100%| E|CS|TAMS 0x00000000d2000000| PB 0x00000000d2000000| Complete  |  0
|  801|0x00000000d2100000, 0x00000000d2200000, 0x00000000d2200000|100%| E|CS|TAMS 0x00000000d2100000| PB 0x00000000d2100000| Complete  |  0
|  802|0x00000000d2200000, 0x00000000d2300000, 0x00000000d2300000|100%| E|CS|TAMS 0x00000000d2200000| PB 0x00000000d2200000| Complete  |  0
|  803|0x00000000d2300000, 0x00000000d2400000, 0x00000000d2400000|100%| E|CS|TAMS 0x00000000d2300000| PB 0x00000000d2300000| Complete  |  0
|  804|0x00000000d2400000, 0x00000000d2500000, 0x00000000d2500000|100%| E|CS|TAMS 0x00000000d2400000| PB 0x00000000d2400000| Complete  |  0
|  805|0x00000000d2500000, 0x00000000d2600000, 0x00000000d2600000|100%| E|CS|TAMS 0x00000000d2500000| PB 0x00000000d2500000| Complete  |  0
|  806|0x00000000d2600000, 0x00000000d2700000, 0x00000000d2700000|100%| E|CS|TAMS 0x00000000d2600000| PB 0x00000000d2600000| Complete  |  0
|  807|0x00000000d2700000, 0x00000000d2800000, 0x00000000d2800000|100%| E|CS|TAMS 0x00000000d2700000| PB 0x00000000d2700000| Complete  |  0
|  808|0x00000000d2800000, 0x00000000d2900000, 0x00000000d2900000|100%| E|CS|TAMS 0x00000000d2800000| PB 0x00000000d2800000| Complete  |  0
|  809|0x00000000d2900000, 0x00000000d2a00000, 0x00000000d2a00000|100%| E|CS|TAMS 0x00000000d2900000| PB 0x00000000d2900000| Complete  |  0
|  810|0x00000000d2a00000, 0x00000000d2b00000, 0x00000000d2b00000|100%| E|CS|TAMS 0x00000000d2a00000| PB 0x00000000d2a00000| Complete  |  0
|  811|0x00000000d2b00000, 0x00000000d2c00000, 0x00000000d2c00000|100%| E|CS|TAMS 0x00000000d2b00000| PB 0x00000000d2b00000| Complete  |  0
|  812|0x00000000d2c00000, 0x00000000d2d00000, 0x00000000d2d00000|100%| E|CS|TAMS 0x00000000d2c00000| PB 0x00000000d2c00000| Complete  |  0
|  813|0x00000000d2d00000, 0x00000000d2e00000, 0x00000000d2e00000|100%| E|CS|TAMS 0x00000000d2d00000| PB 0x00000000d2d00000| Complete  |  0
|  814|0x00000000d2e00000, 0x00000000d2f00000, 0x00000000d2f00000|100%| E|CS|TAMS 0x00000000d2e00000| PB 0x00000000d2e00000| Complete  |  0
|  815|0x00000000d2f00000, 0x00000000d3000000, 0x00000000d3000000|100%| E|CS|TAMS 0x00000000d2f00000| PB 0x00000000d2f00000| Complete  |  0
|  816|0x00000000d3000000, 0x00000000d3100000, 0x00000000d3100000|100%| E|CS|TAMS 0x00000000d3000000| PB 0x00000000d3000000| Complete  |  0
|  817|0x00000000d3100000, 0x00000000d3200000, 0x00000000d3200000|100%| E|CS|TAMS 0x00000000d3100000| PB 0x00000000d3100000| Complete  |  0
|  818|0x00000000d3200000, 0x00000000d3300000, 0x00000000d3300000|100%| E|CS|TAMS 0x00000000d3200000| PB 0x00000000d3200000| Complete  |  0
|  819|0x00000000d3300000, 0x00000000d3400000, 0x00000000d3400000|100%| E|CS|TAMS 0x00000000d3300000| PB 0x00000000d3300000| Complete  |  0
|  820|0x00000000d3400000, 0x00000000d3500000, 0x00000000d3500000|100%| E|CS|TAMS 0x00000000d3400000| PB 0x00000000d3400000| Complete  |  0
|  821|0x00000000d3500000, 0x00000000d3600000, 0x00000000d3600000|100%| E|CS|TAMS 0x00000000d3500000| PB 0x00000000d3500000| Complete  |  0
|  822|0x00000000d3600000, 0x00000000d3700000, 0x00000000d3700000|100%| E|CS|TAMS 0x00000000d3600000| PB 0x00000000d3600000| Complete  |  0
|  823|0x00000000d3700000, 0x00000000d3800000, 0x00000000d3800000|100%| E|CS|TAMS 0x00000000d3700000| PB 0x00000000d3700000| Complete  |  0
|  824|0x00000000d3800000, 0x00000000d3900000, 0x00000000d3900000|100%| E|CS|TAMS 0x00000000d3800000| PB 0x00000000d3800000| Complete  |  0
|  825|0x00000000d3900000, 0x00000000d3a00000, 0x00000000d3a00000|100%| E|CS|TAMS 0x00000000d3900000| PB 0x00000000d3900000| Complete  |  0
|  826|0x00000000d3a00000, 0x00000000d3b00000, 0x00000000d3b00000|100%| E|CS|TAMS 0x00000000d3a00000| PB 0x00000000d3a00000| Complete  |  0
|  827|0x00000000d3b00000, 0x00000000d3c00000, 0x00000000d3c00000|100%| E|CS|TAMS 0x00000000d3b00000| PB 0x00000000d3b00000| Complete  |  0
|  828|0x00000000d3c00000, 0x00000000d3d00000, 0x00000000d3d00000|100%| E|CS|TAMS 0x00000000d3c00000| PB 0x00000000d3c00000| Complete  |  0
|  829|0x00000000d3d00000, 0x00000000d3e00000, 0x00000000d3e00000|100%| E|CS|TAMS 0x00000000d3d00000| PB 0x00000000d3d00000| Complete  |  0
|  830|0x00000000d3e00000, 0x00000000d3f00000, 0x00000000d3f00000|100%| E|CS|TAMS 0x00000000d3e00000| PB 0x00000000d3e00000| Complete  |  0
|  831|0x00000000d3f00000, 0x00000000d4000000, 0x00000000d4000000|100%| E|CS|TAMS 0x00000000d3f00000| PB 0x00000000d3f00000| Complete  |  0
|  832|0x00000000d4000000, 0x00000000d4100000, 0x00000000d4100000|100%| E|CS|TAMS 0x00000000d4000000| PB 0x00000000d4000000| Complete  |  0
|  833|0x00000000d4100000, 0x00000000d4200000, 0x00000000d4200000|100%| E|CS|TAMS 0x00000000d4100000| PB 0x00000000d4100000| Complete  |  0
| 1496|0x00000000fd800000, 0x00000000fd900000, 0x00000000fd900000|100%| O|Cm|TAMS 0x00000000fd800000| PB 0x00000000fd800000| Complete  |  0
| 1497|0x00000000fd900000, 0x00000000fda00000, 0x00000000fda00000|100%| O|  |TAMS 0x00000000fd900000| PB 0x00000000fd900000| Untracked |  0
| 1498|0x00000000fda00000, 0x00000000fdb00000, 0x00000000fdb00000|100%| O|  |TAMS 0x00000000fda00000| PB 0x00000000fda00000| Untracked |  0
| 1499|0x00000000fdb00000, 0x00000000fdc00000, 0x00000000fdc00000|100%| E|CS|TAMS 0x00000000fdb00000| PB 0x00000000fdb00000| Complete  |  0
| 1500|0x00000000fdc00000, 0x00000000fdd00000, 0x00000000fdd00000|100%| E|CS|TAMS 0x00000000fdc00000| PB 0x00000000fdc00000| Complete  |  0
| 1501|0x00000000fdd00000, 0x00000000fde00000, 0x00000000fde00000|100%| E|CS|TAMS 0x00000000fdd00000| PB 0x00000000fdd00000| Complete  |  0
| 1502|0x00000000fde00000, 0x00000000fdf00000, 0x00000000fdf00000|100%| E|CS|TAMS 0x00000000fde00000| PB 0x00000000fde00000| Complete  |  0
| 1503|0x00000000fdf00000, 0x00000000fe000000, 0x00000000fe000000|100%| E|CS|TAMS 0x00000000fdf00000| PB 0x00000000fdf00000| Complete  |  0
| 1504|0x00000000fe000000, 0x00000000fe100000, 0x00000000fe100000|100%| E|CS|TAMS 0x00000000fe000000| PB 0x00000000fe000000| Complete  |  0
| 1505|0x00000000fe100000, 0x00000000fe200000, 0x00000000fe200000|100%| E|CS|TAMS 0x00000000fe100000| PB 0x00000000fe100000| Complete  |  0
| 1506|0x00000000fe200000, 0x00000000fe300000, 0x00000000fe300000|100%| E|CS|TAMS 0x00000000fe200000| PB 0x00000000fe200000| Complete  |  0
| 1507|0x00000000fe300000, 0x00000000fe400000, 0x00000000fe400000|100%| E|CS|TAMS 0x00000000fe300000| PB 0x00000000fe300000| Complete  |  0
| 1508|0x00000000fe400000, 0x00000000fe500000, 0x00000000fe500000|100%| E|CS|TAMS 0x00000000fe400000| PB 0x00000000fe400000| Complete  |  0
| 1509|0x00000000fe500000, 0x00000000fe600000, 0x00000000fe600000|100%| E|CS|TAMS 0x00000000fe500000| PB 0x00000000fe500000| Complete  |  0
| 1510|0x00000000fe600000, 0x00000000fe700000, 0x00000000fe700000|100%| E|CS|TAMS 0x00000000fe600000| PB 0x00000000fe600000| Complete  |  0
| 1511|0x00000000fe700000, 0x00000000fe800000, 0x00000000fe800000|100%| E|CS|TAMS 0x00000000fe700000| PB 0x00000000fe700000| Complete  |  0
| 1512|0x00000000fe800000, 0x00000000fe900000, 0x00000000fe900000|100%| E|CS|TAMS 0x00000000fe800000| PB 0x00000000fe800000| Complete  |  0
| 1513|0x00000000fe900000, 0x00000000fea00000, 0x00000000fea00000|100%| E|CS|TAMS 0x00000000fe900000| PB 0x00000000fe900000| Complete  |  0
| 1514|0x00000000fea00000, 0x00000000feb00000, 0x00000000feb00000|100%| E|CS|TAMS 0x00000000fea00000| PB 0x00000000fea00000| Complete  |  0
| 1515|0x00000000feb00000, 0x00000000fec00000, 0x00000000fec00000|100%| E|CS|TAMS 0x00000000feb00000| PB 0x00000000feb00000| Complete  |  0
| 1516|0x00000000fec00000, 0x00000000fed00000, 0x00000000fed00000|100%| E|CS|TAMS 0x00000000fec00000| PB 0x00000000fec00000| Complete  |  0
| 1517|0x00000000fed00000, 0x00000000fee00000, 0x00000000fee00000|100%| E|CS|TAMS 0x00000000fed00000| PB 0x00000000fed00000| Complete  |  0
| 1518|0x00000000fee00000, 0x00000000fef00000, 0x00000000fef00000|100%| E|CS|TAMS 0x00000000fee00000| PB 0x00000000fee00000| Complete  |  0
| 1519|0x00000000fef00000, 0x00000000ff000000, 0x00000000ff000000|100%| E|CS|TAMS 0x00000000fef00000| PB 0x00000000fef00000| Complete  |  0
| 1520|0x00000000ff000000, 0x00000000ff100000, 0x00000000ff100000|100%| E|CS|TAMS 0x00000000ff000000| PB 0x00000000ff000000| Complete  |  0
| 1521|0x00000000ff100000, 0x00000000ff200000, 0x00000000ff200000|100%| E|CS|TAMS 0x00000000ff100000| PB 0x00000000ff100000| Complete  |  0
| 1522|0x00000000ff200000, 0x00000000ff300000, 0x00000000ff300000|100%| E|CS|TAMS 0x00000000ff200000| PB 0x00000000ff200000| Complete  |  0
| 1523|0x00000000ff300000, 0x00000000ff400000, 0x00000000ff400000|100%| O|Cm|TAMS 0x00000000ff300000| PB 0x00000000ff300000| Complete  |  0
| 1524|0x00000000ff400000, 0x00000000ff500000, 0x00000000ff500000|100%| O|Cm|TAMS 0x00000000ff400000| PB 0x00000000ff400000| Complete  |  0
| 1525|0x00000000ff500000, 0x00000000ff600000, 0x00000000ff600000|100%| E|CS|TAMS 0x00000000ff500000| PB 0x00000000ff500000| Complete  |  0
| 1526|0x00000000ff600000, 0x00000000ff700000, 0x00000000ff700000|100%| E|CS|TAMS 0x00000000ff600000| PB 0x00000000ff600000| Complete  |  0
| 1527|0x00000000ff700000, 0x00000000ff800000, 0x00000000ff800000|100%| O|Cm|TAMS 0x00000000ff700000| PB 0x00000000ff700000| Complete  |  0
| 1528|0x00000000ff800000, 0x00000000ff900000, 0x00000000ff900000|100%| E|CS|TAMS 0x00000000ff800000| PB 0x00000000ff800000| Complete  |  0
| 1529|0x00000000ff900000, 0x00000000ffa00000, 0x00000000ffa00000|100%| E|CS|TAMS 0x00000000ff900000| PB 0x00000000ff900000| Complete  |  0
| 1530|0x00000000ffa00000, 0x00000000ffb00000, 0x00000000ffb00000|100%| E|CS|TAMS 0x00000000ffa00000| PB 0x00000000ffa00000| Complete  |  0
| 1531|0x00000000ffb00000, 0x00000000ffc00000, 0x00000000ffc00000|100%| O|  |TAMS 0x00000000ffb00000| PB 0x00000000ffb00000| Untracked |  0
| 1532|0x00000000ffc00000, 0x00000000ffd00000, 0x00000000ffd00000|100%| E|CS|TAMS 0x00000000ffc00000| PB 0x00000000ffc00000| Complete  |  0
| 1533|0x00000000ffd00000, 0x00000000ffe00000, 0x00000000ffe00000|100%| E|CS|TAMS 0x00000000ffd00000| PB 0x00000000ffd00000| Complete  |  0
| 1534|0x00000000ffe00000, 0x00000000fff00000, 0x00000000fff00000|100%| O|  |TAMS 0x00000000ffe00000| PB 0x00000000ffe00000| Untracked |  0
| 1535|0x00000000fff00000, 0x0000000100000000, 0x0000000100000000|100%| E|CS|TAMS 0x00000000fff00000| PB 0x00000000fff00000| Complete  |  0

Card table byte_map: [0x00007f8ace422000,0x00007f8ace722000] _byte_map_base: 0x00007f8acdf22000
Refinement table byte_map: [0x00007f8ace722000,0x00007f8acea22000] _byte_map_base: 0x00007f8ace222000

Marking Bits: (CMBitMap*) 0x00007f8ac8066b30
 Bits: [0x00007f8accc00000, 0x00007f8ace400000)

Polling page: 0x00007f8ad1475000

Metaspace:
Metaspace        used 175916K, committed 177024K, reserved 1245184K
 class space     used 23623K, committed 24128K, reserved 1048576K

Usage:
  Non-class:    148.72 MB used.
      Class:     23.07 MB used.
       Both:    171.79 MB used.

Virtual space:
  Non-class space:      192.00 MB reserved,     149.31 MB ( 78%) committed,  3 nodes.
      Class space:        1.00 GB reserved,      23.56 MB (  2%) committed,  1 nodes.
             Both:        1.19 GB reserved,     172.88 MB ( 14%) committed. 

Chunk freelists:
   Non-Class:  10.41 MB
       Class:  8.49 MB
        Both:  18.89 MB

MaxMetaspaceSize: unlimited
CompressedClassSpaceSize: 1.00 GB
Initial GC threshold: 21.00 MB
Current GC threshold: 287.94 MB
CDS: on
 - commit_granule_bytes: 65536.
 - commit_granule_words: 8192.
 - virtual_space_node_default_size: 8388608.
 - enlarge_chunks_in_place: 1.
UseCompressedClassPointers 1, UseCompactObjectHeaders 0
Narrow klass pointer bits 32, Max shift 3
Narrow klass base: 0x0000000033000000, Narrow klass shift: 0
Encoding Range: [0x0000000033000000 - 0x0000000133000000), (4294967296 bytes)
Klass Range:    [0x0000000033000000 - 0x0000000074000000), (1090519040 bytes)
Klass ID Range:  [8 - 1090519033) (1090519025)
Protection zone: [0x0000000033000000 - 0x0000000033001000), (4096 bytes)


Internal statistics:

num_allocs_failed_limit: 36.
num_arena_births: 1654.
num_arena_deaths: 340.
num_vsnodes_births: 4.
num_vsnodes_deaths: 0.
num_space_committed: 2761.
num_space_uncommitted: 1.
num_chunks_returned_to_freelist: 467.
num_chunks_taken_from_freelist: 9834.
num_chunk_merges: 107.
num_chunk_splits: 6237.
num_chunks_enlarged: 3921.
num_inconsistent_stats: 0.

CodeHeap 'non-profiled nmethods': size=120032Kb used=14651Kb max_used=14651Kb free=105380Kb
 bounds [0x00007f8ab7ac8000, 0x00007f8ab8938000, 0x00007f8abf000000]
CodeHeap 'profiled nmethods': size=120032Kb used=32889Kb max_used=41729Kb free=87143Kb
 bounds [0x00007f8aafffe000, 0x00007f8ab291e000, 0x00007f8ab7536000]
CodeHeap 'non-nmethods': size=5704Kb used=2352Kb max_used=2597Kb free=3351Kb
 bounds [0x00007f8ab7536000, 0x00007f8ab7806000, 0x00007f8ab7ac8000]
CodeCache: size=245768Kb, used=49892Kb, max_used=58977Kb, free=195874Kb
 total_blobs=21428, nmethods=20265, adapters=1063, full_count=0
Compilation: enabled, stopped_count=0, restarted_count=0

Compilation events (20 events):
Event: 4128.452 Thread 0x00007f8ac80ed580 54173       3       dotty.tools.scaladoc.renderers.MemberRenderer::$anonfun$23 (130 bytes)
Event: 4128.453 Thread 0x00007f8ac80ed580 nmethod 54173 0x00007f8ab0fa3b88 code [0x00007f8ab0fa3c80, 0x00007f8ab0fa5588]
Event: 4128.459 Thread 0x00007f8ac80ed580 54181       3       scala.collection.immutable.Vector1::appended (6 bytes)
Event: 4128.459 Thread 0x00007f8ac80ed580 nmethod 54181 0x00007f8ab1a5a888 code [0x00007f8ab1a5a980, 0x00007f8ab1a5ab38]
Event: 4128.459 Thread 0x00007f8ac80ed580 54187       3       dotty.tools.scaladoc.renderers.MemberRenderer$$Lambda/0x00000000355bc3c0::apply (15 bytes)
Event: 4128.459 Thread 0x00007f8ac80ed580 nmethod 54187 0x00007f8ab26ec908 code [0x00007f8ab26eca00, 0x00007f8ab26ecd68]
Event: 4128.459 Thread 0x00007f8ac80ed580 54188       3       dotty.tools.scaladoc.renderers.MemberRenderer$$Lambda/0x00000000355bcb70::apply (15 bytes)
Event: 4128.460 Thread 0x00007f8ac80ed580 nmethod 54188 0x00007f8ab284b208 code [0x00007f8ab284b300, 0x00007f8ab284b668]
Event: 4128.460 Thread 0x00007f8ac80ed580 54182       3       scala.collection.immutable.Vector1::appended (60 bytes)
Event: 4128.460 Thread 0x00007f8ac80ed580 nmethod 54182 0x00007f8ab154d608 code [0x00007f8ab154d700, 0x00007f8ab154e2a8]
Event: 4128.460 Thread 0x00007f8ac80ed580 54183       3       scala.collection.immutable.VectorStatics$::copyAppend1 (31 bytes)
Event: 4128.460 Thread 0x00007f8ac80ed580 nmethod 54183 0x00007f8ab28aa208 code [0x00007f8ab28aa300, 0x00007f8ab28aa6b0]
Event: 4128.460 Thread 0x00007f8ac80ed580 54184       3       dotty.tools.scaladoc.renderers.MemberRenderer::companionBadge (23 bytes)
Event: 4128.461 Thread 0x00007f8ac80ed580 nmethod 54184 0x00007f8ab19b4088 code [0x00007f8ab19b4180, 0x00007f8ab19b4ec8]
Event: 4128.461 Thread 0x00007f8ac80ed580 54185       3       dotty.tools.scaladoc.renderers.MemberRenderer$$Lambda/0x00000000356102c0::<init> (15 bytes)
Event: 4128.461 Thread 0x00007f8ac80ed580 nmethod 54185 0x00007f8ab1a5e408 code [0x00007f8ab1a5e500, 0x00007f8ab1a5e6f8]
Event: 4128.461 Thread 0x00007f8ac80ed580 54186       3       dotty.tools.scaladoc.renderers.MemberRenderer$$Lambda/0x0000000035610698::apply (4 bytes)
Event: 4128.461 Thread 0x00007f8ac80ed580 nmethod 54186 0x00007f8ab2432588 code [0x00007f8ab2432680, 0x00007f8ab24328b0]
Event: 4128.476 Thread 0x00007f8ac80ed580 54193       3       dotty.tools.scaladoc.renderers.MemberRenderer::tableRow (107 bytes)
Event: 4128.479 Thread 0x00007f8ac80ed580 nmethod 54193 0x00007f8ab24a3a88 code [0x00007f8ab24a3b80, 0x00007f8ab24a84e8]

GC Heap Usage History (20 events):
Event: 3611.160 {heap Before GC invocations=82 (full 3):
 garbage-first heap   total reserved 1572864K, committed 459776K, used 377841K [0x00000000a0000000, 0x0000000100000000)
  region size 1M, 108 eden (108M), 23 survivor (23M), 220 old (220M), 22 humongous (22M), 76 free (76M)
}
Event: 3611.175 {heap After GC invocations=83 (full 3):
 garbage-first heap   total reserved 1572864K, committed 459776K, used 288753K [0x00000000a0000000, 0x0000000100000000)
  region size 1M, 0 eden (0M), 17 survivor (17M), 247 old (247M), 22 humongous (22M), 163 free (163M)
}
Event: 3611.464 {heap Before GC invocations=84 (full 3):
 garbage-first heap   total reserved 1572864K, committed 459776K, used 392177K [0x00000000a0000000, 0x0000000100000000)
  region size 1M, 101 eden (101M), 17 survivor (17M), 247 old (247M), 23 humongous (23M), 61 free (61M)
}
Event: 3611.480 {heap After GC invocations=85 (full 3):
 garbage-first heap   total reserved 1572864K, committed 437248K, used 302990K [0x00000000a0000000, 0x0000000100000000)
  region size 1M, 0 eden (0M), 14 survivor (14M), 263 old (263M), 23 humongous (23M), 127 free (127M)
}
Event: 3611.659 {heap Before GC invocations=85 (full 3):
 garbage-first heap   total reserved 1572864K, committed 437248K, used 389006K [0x00000000a0000000, 0x0000000100000000)
  region size 1M, 82 eden (82M), 14 survivor (14M), 263 old (263M), 26 humongous (26M), 42 free (42M)
}
Event: 3611.671 {heap After GC invocations=86 (full 3):
 garbage-first heap   total reserved 1572864K, committed 437248K, used 332273K [0x00000000a0000000, 0x0000000100000000)
  region size 1M, 0 eden (0M), 12 survivor (12M), 291 old (291M), 25 humongous (25M), 99 free (99M)
}
Event: 3611.796 {heap Before GC invocations=86 (full 3):
 garbage-first heap   total reserved 1572864K, committed 437248K, used 390641K [0x00000000a0000000, 0x0000000100000000)
  region size 1M, 58 eden (58M), 12 survivor (12M), 291 old (291M), 25 humongous (25M), 41 free (41M)
}
Event: 3611.806 {heap After GC invocations=87 (full 3):
 garbage-first heap   total reserved 1572864K, committed 437248K, used 342879K [0x00000000a0000000, 0x0000000100000000)
  region size 1M, 0 eden (0M), 9 survivor (9M), 304 old (304M), 25 humongous (25M), 89 free (89M)
}
Event: 3611.891 {heap Before GC invocations=87 (full 3):
 garbage-first heap   total reserved 1572864K, committed 437248K, used 396127K [0x00000000a0000000, 0x0000000100000000)
  region size 1M, 53 eden (53M), 9 survivor (9M), 304 old (304M), 25 humongous (25M), 36 free (36M)
}
Event: 3611.897 {heap After GC invocations=88 (full 3):
 garbage-first heap   total reserved 1572864K, committed 437248K, used 349304K [0x00000000a0000000, 0x0000000100000000)
  region size 1M, 0 eden (0M), 5 survivor (5M), 314 old (314M), 25 humongous (25M), 83 free (83M)
}
Event: 3612.151 {heap Before GC invocations=89 (full 3):
 garbage-first heap   total reserved 1572864K, committed 437248K, used 361592K [0x00000000a0000000, 0x0000000100000000)
  region size 1M, 53 eden (53M), 5 survivor (5M), 284 old (284M), 15 humongous (15M), 70 free (70M)
}
Event: 3612.159 {heap After GC invocations=90 (full 3):
 garbage-first heap   total reserved 1572864K, committed 891904K, used 321388K [0x00000000a0000000, 0x0000000100000000)
  region size 1M, 0 eden (0M), 8 survivor (8M), 295 old (295M), 14 humongous (14M), 554 free (554M)
}
Event: 4126.781 {heap Before GC invocations=90 (full 3):
 garbage-first heap   total reserved 1572864K, committed 891904K, used 717676K [0x00000000a0000000, 0x0000000100000000)
  region size 1M, 378 eden (378M), 8 survivor (8M), 295 old (295M), 24 humongous (24M), 166 free (166M)
}
Event: 4126.814 {heap After GC invocations=91 (full 3):
 garbage-first heap   total reserved 1572864K, committed 891904K, used 305483K [0x00000000a0000000, 0x0000000100000000)
  region size 1M, 0 eden (0M), 49 survivor (49M), 231 old (231M), 20 humongous (20M), 571 free (571M)
}
Event: 4127.296 {heap Before GC invocations=91 (full 3):
 garbage-first heap   total reserved 1572864K, committed 891904K, used 714059K [0x00000000a0000000, 0x0000000100000000)
  region size 1M, 388 eden (388M), 49 survivor (49M), 231 old (231M), 32 humongous (32M), 171 free (171M)
}
Event: 4127.344 {heap After GC invocations=92 (full 3):
 garbage-first heap   total reserved 1572864K, committed 894976K, used 429197K [0x00000000a0000000, 0x0000000100000000)
  region size 1M, 0 eden (0M), 55 survivor (55M), 336 old (336M), 29 humongous (29M), 454 free (454M)
}
Event: 4127.417 {heap Before GC invocations=92 (full 3):
 garbage-first heap   total reserved 1572864K, committed 894976K, used 482445K [0x00000000a0000000, 0x0000000100000000)
  region size 1M, 53 eden (53M), 55 survivor (55M), 336 old (336M), 29 humongous (29M), 401 free (401M)
}
Event: 4127.438 {heap After GC invocations=93 (full 3):
 garbage-first heap   total reserved 1572864K, committed 894976K, used 436877K [0x00000000a0000000, 0x0000000100000000)
  region size 1M, 0 eden (0M), 6 survivor (6M), 393 old (393M), 29 humongous (29M), 446 free (446M)
}
Event: 4128.225 {heap Before GC invocations=94 (full 3):
 garbage-first heap   total reserved 1572864K, committed 894976K, used 680589K [0x00000000a0000000, 0x0000000100000000)
  region size 1M, 300 eden (300M), 6 survivor (6M), 334 old (334M), 27 humongous (27M), 207 free (207M)
}
Event: 4128.244 {heap After GC invocations=95 (full 3):
 garbage-first heap   total reserved 1572864K, committed 894976K, used 406157K [0x00000000a0000000, 0x0000000100000000)
  region size 1M, 0 eden (0M), 39 survivor (39M), 336 old (336M), 23 humongous (23M), 476 free (476M)
}

Metaspace Usage History (20 events):
Event: 3611.160 {metaspace Before GC invocations=82 (full 3):
 Metaspace       used 175338K, committed 176512K, reserved 1245184K
  class space    used 23625K, committed 24128K, reserved 1048576K
}
Event: 3611.175 {metaspace After GC invocations=83 (full 3):
 Metaspace       used 175338K, committed 176512K, reserved 1245184K
  class space    used 23625K, committed 24128K, reserved 1048576K
}
Event: 3611.464 {metaspace Before GC invocations=84 (full 3):
 Metaspace       used 175379K, committed 176512K, reserved 1245184K
  class space    used 23625K, committed 24128K, reserved 1048576K
}
Event: 3611.480 {metaspace After GC invocations=85 (full 3):
 Metaspace       used 175379K, committed 176512K, reserved 1245184K
  class space    used 23625K, committed 24128K, reserved 1048576K
}
Event: 3611.659 {metaspace Before GC invocations=85 (full 3):
 Metaspace       used 175405K, committed 176512K, reserved 1245184K
  class space    used 23625K, committed 24128K, reserved 1048576K
}
Event: 3611.671 {metaspace After GC invocations=86 (full 3):
 Metaspace       used 175405K, committed 176512K, reserved 1245184K
  class space    used 23625K, committed 24128K, reserved 1048576K
}
Event: 3611.796 {metaspace Before GC invocations=86 (full 3):
 Metaspace       used 175459K, committed 176576K, reserved 1245184K
  class space    used 23625K, committed 24128K, reserved 1048576K
}
Event: 3611.806 {metaspace After GC invocations=87 (full 3):
 Metaspace       used 175459K, committed 176576K, reserved 1245184K
  class space    used 23625K, committed 24128K, reserved 1048576K
}
Event: 3611.891 {metaspace Before GC invocations=87 (full 3):
 Metaspace       used 175484K, committed 176576K, reserved 1245184K
  class space    used 23625K, committed 24128K, reserved 1048576K
}
Event: 3611.897 {metaspace After GC invocations=88 (full 3):
 Metaspace       used 175484K, committed 176576K, reserved 1245184K
  class space    used 23625K, committed 24128K, reserved 1048576K
}
Event: 3612.151 {metaspace Before GC invocations=89 (full 3):
 Metaspace       used 175517K, committed 176640K, reserved 1245184K
  class space    used 23626K, committed 24128K, reserved 1048576K
}
Event: 3612.159 {metaspace After GC invocations=90 (full 3):
 Metaspace       used 175517K, committed 176640K, reserved 1245184K
  class space    used 23626K, committed 24128K, reserved 1048576K
}
Event: 4126.781 {metaspace Before GC invocations=90 (full 3):
 Metaspace       used 175642K, committed 176704K, reserved 1245184K
  class space    used 23627K, committed 24128K, reserved 1048576K
}
Event: 4126.814 {metaspace After GC invocations=91 (full 3):
 Metaspace       used 175642K, committed 176704K, reserved 1245184K
  class space    used 23627K, committed 24128K, reserved 1048576K
}
Event: 4127.296 {metaspace Before GC invocations=91 (full 3):
 Metaspace       used 175751K, committed 176832K, reserved 1245184K
  class space    used 23627K, committed 24128K, reserved 1048576K
}
Event: 4127.344 {metaspace After GC invocations=92 (full 3):
 Metaspace       used 175751K, committed 176832K, reserved 1245184K
  class space    used 23627K, committed 24128K, reserved 1048576K
}
Event: 4127.417 {metaspace Before GC invocations=92 (full 3):
 Metaspace       used 175765K, committed 176896K, reserved 1245184K
  class space    used 23627K, committed 24128K, reserved 1048576K
}
Event: 4127.438 {metaspace After GC invocations=93 (full 3):
 Metaspace       used 175765K, committed 176896K, reserved 1245184K
  class space    used 23627K, committed 24128K, reserved 1048576K
}
Event: 4128.225 {metaspace Before GC invocations=94 (full 3):
 Metaspace       used 175898K, committed 176960K, reserved 1245184K
  class space    used 23623K, committed 24128K, reserved 1048576K
}
Event: 4128.244 {metaspace After GC invocations=95 (full 3):
 Metaspace       used 175898K, committed 176960K, reserved 1245184K
  class space    used 23623K, committed 24128K, reserved 1048576K
}

Dll operation events (20 events):
Event: 0.025 Attempting to load shared library /home/pek/.cache/coursier/arc/https/github.com/adoptium/temurin26-binaries/releases/download/jdk-26.0.2%252B10/OpenJDK26U-jdk_x64_linux_hotspot_26.0.2_10.tar.gz/jdk-26.0.2+10/lib/libnio.so
Event: 0.025 Loaded shared library /home/pek/.cache/coursier/arc/https/github.com/adoptium/temurin26-binaries/releases/download/jdk-26.0.2%252B10/OpenJDK26U-jdk_x64_linux_hotspot_26.0.2_10.tar.gz/jdk-26.0.2+10/lib/libnio.so
Event: 0.032 Attempting to load shared library /home/pek/.cache/coursier/arc/https/github.com/adoptium/temurin26-binaries/releases/download/jdk-26.0.2%252B10/OpenJDK26U-jdk_x64_linux_hotspot_26.0.2_10.tar.gz/jdk-26.0.2+10/lib/libzip.so
Event: 0.032 Loaded shared library /home/pek/.cache/coursier/arc/https/github.com/adoptium/temurin26-binaries/releases/download/jdk-26.0.2%252B10/OpenJDK26U-jdk_x64_linux_hotspot_26.0.2_10.tar.gz/jdk-26.0.2+10/lib/libzip.so
Event: 0.111 Attempting to load shared library /home/pek/.cache/coursier/arc/https/github.com/adoptium/temurin26-binaries/releases/download/jdk-26.0.2%252B10/OpenJDK26U-jdk_x64_linux_hotspot_26.0.2_10.tar.gz/jdk-26.0.2+10/lib/libjimage.so
Event: 0.111 Loaded shared library /home/pek/.cache/coursier/arc/https/github.com/adoptium/temurin26-binaries/releases/download/jdk-26.0.2%252B10/OpenJDK26U-jdk_x64_linux_hotspot_26.0.2_10.tar.gz/jdk-26.0.2+10/lib/libjimage.so
Event: 0.194 Attempting to load shared library /home/pek/.cache/coursier/arc/https/github.com/adoptium/temurin26-binaries/releases/download/jdk-26.0.2%252B10/OpenJDK26U-jdk_x64_linux_hotspot_26.0.2_10.tar.gz/jdk-26.0.2+10/lib/libnet.so
Event: 0.194 Loaded shared library /home/pek/.cache/coursier/arc/https/github.com/adoptium/temurin26-binaries/releases/download/jdk-26.0.2%252B10/OpenJDK26U-jdk_x64_linux_hotspot_26.0.2_10.tar.gz/jdk-26.0.2+10/lib/libnet.so
Event: 0.436 Attempting to load shared library /home/pek/.cache/JNA/temp/jna8419292682090027202.tmp
Event: 0.436 Loaded shared library /home/pek/.cache/JNA/temp/jna8419292682090027202.tmp
Event: 0.519 Attempting to load shared library /home/pek/.cache/coursier/arc/https/github.com/adoptium/temurin26-binaries/releases/download/jdk-26.0.2%252B10/OpenJDK26U-jdk_x64_linux_hotspot_26.0.2_10.tar.gz/jdk-26.0.2+10/lib/libextnet.so
Event: 0.519 Loaded shared library /home/pek/.cache/coursier/arc/https/github.com/adoptium/temurin26-binaries/releases/download/jdk-26.0.2%252B10/OpenJDK26U-jdk_x64_linux_hotspot_26.0.2_10.tar.gz/jdk-26.0.2+10/lib/libextnet.so
Event: 0.579 Attempting to load shared library /tmp/jlinenative-3.27.1-58b5205b9299bd46-libjlinenative.so
Event: 0.587 Loaded shared library /tmp/jlinenative-3.27.1-58b5205b9299bd46-libjlinenative.so
Event: 0.812 Attempting to load shared library /home/pek/.cache/coursier/arc/https/github.com/adoptium/temurin26-binaries/releases/download/jdk-26.0.2%252B10/OpenJDK26U-jdk_x64_linux_hotspot_26.0.2_10.tar.gz/jdk-26.0.2+10/lib/libmanagement.so
Event: 0.812 Loaded shared library /home/pek/.cache/coursier/arc/https/github.com/adoptium/temurin26-binaries/releases/download/jdk-26.0.2%252B10/OpenJDK26U-jdk_x64_linux_hotspot_26.0.2_10.tar.gz/jdk-26.0.2+10/lib/libmanagement.so
Event: 0.814 Attempting to load shared library /home/pek/.cache/coursier/arc/https/github.com/adoptium/temurin26-binaries/releases/download/jdk-26.0.2%252B10/OpenJDK26U-jdk_x64_linux_hotspot_26.0.2_10.tar.gz/jdk-26.0.2+10/lib/libmanagement_ext.so
Event: 0.815 Loaded shared library /home/pek/.cache/coursier/arc/https/github.com/adoptium/temurin26-binaries/releases/download/jdk-26.0.2%252B10/OpenJDK26U-jdk_x64_linux_hotspot_26.0.2_10.tar.gz/jdk-26.0.2+10/lib/libmanagement_ext.so
Event: 1.836 Attempting to load shared library /run/user/1000/.sbtd0448edb/swoval/swoval-jni/6540165587632316656-libswoval-files0.so
Event: 1.836 Loaded shared library /run/user/1000/.sbtd0448edb/swoval/swoval-jni/6540165587632316656-libswoval-files0.so

Deoptimization events (20 events):
Event: 4128.426 Thread 0x00007f8ac82718c0 DEOPT PACKING pc=0x00007f8ab00391c4 sp=0x00007f8a95df1280
Event: 4128.426 Thread 0x00007f8ac82718c0 DEOPT UNPACKING pc=0x00007f8ab75872ef sp=0x00007f8a95df0760 mode 1
Event: 4128.426 Thread 0x00007f8ac82718c0 DEOPT PACKING pc=0x00007f8ab01a3bec sp=0x00007f8a95df1300
Event: 4128.426 Thread 0x00007f8ac82718c0 DEOPT UNPACKING pc=0x00007f8ab75872ef sp=0x00007f8a95df0838 mode 1
Event: 4128.426 Thread 0x00007f8ac82718c0 DEOPT PACKING pc=0x00007f8ab7af46b8 sp=0x00007f8a95df1310
Event: 4128.426 Thread 0x00007f8ac82718c0 DEOPT UNPACKING pc=0x00007f8ab75872ef sp=0x00007f8a95df07c8 mode 1
Event: 4128.426 Thread 0x00007f8ac82718c0 DEOPT PACKING pc=0x00007f8ab235ba9c sp=0x00007f8a95df13e0
Event: 4128.426 Thread 0x00007f8ac82718c0 DEOPT UNPACKING pc=0x00007f8ab75872ef sp=0x00007f8a95df0858 mode 1
Event: 4128.426 Thread 0x00007f8ac82718c0 DEOPT PACKING pc=0x00007f8ab1956624 sp=0x00007f8a95df1380
Event: 4128.426 Thread 0x00007f8ac82718c0 DEOPT UNPACKING pc=0x00007f8ab75872ef sp=0x00007f8a95df0808 mode 1
Event: 4128.446 Thread 0x00007f8ac82718c0 DEOPT PACKING pc=0x00007f8ab00391c4 sp=0x00007f8a95df0f80
Event: 4128.446 Thread 0x00007f8ac82718c0 DEOPT UNPACKING pc=0x00007f8ab75872ef sp=0x00007f8a95df0460 mode 1
Event: 4128.446 Thread 0x00007f8ac82718c0 DEOPT PACKING pc=0x00007f8ab01a3bec sp=0x00007f8a95df1000
Event: 4128.446 Thread 0x00007f8ac82718c0 DEOPT UNPACKING pc=0x00007f8ab75872ef sp=0x00007f8a95df0538 mode 1
Event: 4128.446 Thread 0x00007f8ac82718c0 DEOPT PACKING pc=0x00007f8ab7af46b8 sp=0x00007f8a95df1010
Event: 4128.446 Thread 0x00007f8ac82718c0 DEOPT UNPACKING pc=0x00007f8ab75872ef sp=0x00007f8a95df04c8 mode 1
Event: 4128.446 Thread 0x00007f8ac82718c0 DEOPT PACKING pc=0x00007f8ab235ba9c sp=0x00007f8a95df10e0
Event: 4128.446 Thread 0x00007f8ac82718c0 DEOPT UNPACKING pc=0x00007f8ab75872ef sp=0x00007f8a95df0558 mode 1
Event: 4128.446 Thread 0x00007f8ac82718c0 DEOPT PACKING pc=0x00007f8ab1956624 sp=0x00007f8a95df1080
Event: 4128.446 Thread 0x00007f8ac82718c0 DEOPT UNPACKING pc=0x00007f8ab75872ef sp=0x00007f8a95df0508 mode 1

Classes loaded (20 events):
Event: 2636.966 Loading class jdk/internal/access/foreign/UnmapperProxy
Event: 2636.966 Loading class jdk/internal/access/foreign/UnmapperProxy done
Event: 2636.966 Loading class sun/nio/ch/FileChannelImpl$Unmapper done
Event: 2636.966 Loading class sun/nio/ch/FileChannelImpl$DefaultUnmapper done
Event: 2636.969 Loading class java/lang/invoke/BoundMethodHandle$Species_LLLLLLL
Event: 2636.969 Loading class java/lang/invoke/BoundMethodHandle$Species_LLLLLLL done
Event: 2636.970 Loading class java/nio/BufferCleaner
Event: 2636.970 Loading class java/nio/BufferCleaner done
Event: 2636.970 Loading class java/nio/BufferCleaner$CleanerList
Event: 2636.970 Loading class java/nio/BufferCleaner$CleanerList done
Event: 2636.970 Loading class java/nio/BufferCleaner$CleanerList$Node
Event: 2636.971 Loading class java/nio/BufferCleaner$CleanerList$Node done
Event: 2636.971 Loading class java/nio/BufferCleaner$PhantomCleaner
Event: 2636.971 Loading class sun/nio/Cleaner
Event: 2636.971 Loading class sun/nio/Cleaner done
Event: 2636.971 Loading class java/nio/BufferCleaner$PhantomCleaner done
Event: 2636.971 Loading class java/nio/BufferCleaner$CleaningRunnable
Event: 2636.971 Loading class java/nio/BufferCleaner$CleaningRunnable done
Event: 3292.353 Loading class java/nio/file/attribute/FileTime$1
Event: 3292.353 Loading class java/nio/file/attribute/FileTime$1 done

Classes unloaded (20 events):
Event: 2101.438 Thread 0x00007f8ac80da910 Unloading class 0x000000003428a000 'java/lang/invoke/LambdaForm$MH+0x000000003428a000'
Event: 2101.438 Thread 0x00007f8ac80da910 Unloading class 0x00000000341fa400 'java/lang/invoke/LambdaForm$MH+0x00000000341fa400'
Event: 2101.438 Thread 0x00007f8ac80da910 Unloading class 0x00000000341fa000 'java/lang/invoke/LambdaForm$MH+0x00000000341fa000'
Event: 2101.438 Thread 0x00007f8ac80da910 Unloading class 0x00000000340dc000 'java/lang/invoke/LambdaForm$MH+0x00000000340dc000'
Event: 2101.438 Thread 0x00007f8ac80da910 Unloading class 0x00000000340d8c00 'java/lang/invoke/LambdaForm$MH+0x00000000340d8c00'
Event: 2101.438 Thread 0x00007f8ac80da910 Unloading class 0x00000000340d8800 'java/lang/invoke/LambdaForm$MH+0x00000000340d8800'
Event: 2101.438 Thread 0x00007f8ac80da910 Unloading class 0x00000000340c4800 'java/lang/invoke/LambdaForm$MH+0x00000000340c4800'
Event: 2101.438 Thread 0x00007f8ac80da910 Unloading class 0x00000000340c4400 'java/lang/invoke/LambdaForm$MH+0x00000000340c4400'
Event: 2101.438 Thread 0x00007f8ac80da910 Unloading class 0x00000000340c3400 'java/lang/invoke/LambdaForm$MH+0x00000000340c3400'
Event: 2101.438 Thread 0x00007f8ac80da910 Unloading class 0x00000000340c3000 'java/lang/invoke/LambdaForm$MH+0x00000000340c3000'
Event: 2102.155 Thread 0x00007f8ac80da910 Unloading class 0x000000003541c000 'java/lang/invoke/LambdaForm$MH+0x000000003541c000'
Event: 2102.155 Thread 0x00007f8ac80da910 Unloading class 0x0000000034d00000 'java/lang/invoke/LambdaForm$MH+0x0000000034d00000'
Event: 3293.323 Thread 0x00007f8ac80da910 Unloading class 0x0000000034368800 'java/lang/invoke/LambdaForm$MH+0x0000000034368800'
Event: 4127.693 Thread 0x00007f8ac80da910 Unloading class 0x0000000034e15c00 'java/lang/invoke/LambdaForm$MH+0x0000000034e15c00'
Event: 4127.693 Thread 0x00007f8ac80da910 Unloading class 0x0000000034e16000 'java/lang/invoke/LambdaForm$MH+0x0000000034e16000'
Event: 4127.693 Thread 0x00007f8ac80da910 Unloading class 0x0000000034e30c00 'java/lang/invoke/LambdaForm$MH+0x0000000034e30c00'
Event: 4127.693 Thread 0x00007f8ac80da910 Unloading class 0x0000000034e31400 'java/lang/invoke/LambdaForm$MH+0x0000000034e31400'
Event: 4127.693 Thread 0x00007f8ac80da910 Unloading class 0x0000000034f38800 'java/lang/invoke/LambdaForm$MH+0x0000000034f38800'
Event: 4127.693 Thread 0x00007f8ac80da910 Unloading class 0x0000000034fb5000 'java/lang/invoke/LambdaForm$BMH+0x0000000034fb5000'
Event: 4127.693 Thread 0x00007f8ac80da910 Unloading class 0x0000000034fbc000 'java/lang/invoke/LambdaForm$BMH+0x0000000034fbc000'

Classes redefined (0 events):
No events

Internal exceptions (20 events):
Event: 4128.415 Thread 0x00007f8ac82718c0 Exception <a 'sun/nio/fs/UnixException'{0x00000000d176aae8}> (0x00000000d176aae8) 
thrown [src/hotspot/share/prims/jni.cpp, line 514]
Event: 4128.416 Thread 0x00007f8ac82718c0 Exception <a 'sun/nio/fs/UnixException'{0x00000000d17ac568}> (0x00000000d17ac568) 
thrown [src/hotspot/share/prims/jni.cpp, line 514]
Event: 4128.416 Thread 0x00007f8ac82718c0 Exception <a 'sun/nio/fs/UnixException'{0x00000000d17ec868}> (0x00000000d17ec868) 
thrown [src/hotspot/share/prims/jni.cpp, line 514]
Event: 4128.417 Thread 0x00007f8ac82718c0 Exception <a 'sun/nio/fs/UnixException'{0x00000000d162ecf8}> (0x00000000d162ecf8) 
thrown [src/hotspot/share/prims/jni.cpp, line 514]
Event: 4128.418 Thread 0x00007f8ac82718c0 Exception <a 'sun/nio/fs/UnixException'{0x00000000d166f518}> (0x00000000d166f518) 
thrown [src/hotspot/share/prims/jni.cpp, line 514]
Event: 4128.418 Thread 0x00007f8ac82718c0 Exception <a 'sun/nio/fs/UnixException'{0x00000000d16affc0}> (0x00000000d16affc0) 
thrown [src/hotspot/share/prims/jni.cpp, line 514]
Event: 4128.419 Thread 0x00007f8ac82718c0 Exception <a 'sun/nio/fs/UnixException'{0x00000000d16f09a8}> (0x00000000d16f09a8) 
thrown [src/hotspot/share/prims/jni.cpp, line 514]
Event: 4128.419 Thread 0x00007f8ac82718c0 Exception <a 'sun/nio/fs/UnixException'{0x00000000d16fcfd0}> (0x00000000d16fcfd0) 
thrown [src/hotspot/share/prims/jni.cpp, line 514]
Event: 4128.419 Thread 0x00007f8ac82718c0 Exception <a 'sun/nio/fs/UnixException'{0x00000000d150a4c8}> (0x00000000d150a4c8) 
thrown [src/hotspot/share/prims/jni.cpp, line 514]
Event: 4128.420 Thread 0x00007f8ac82718c0 Exception <a 'sun/nio/fs/UnixException'{0x00000000d154aff8}> (0x00000000d154aff8) 
thrown [src/hotspot/share/prims/jni.cpp, line 514]
Event: 4128.421 Thread 0x00007f8ac82718c0 Exception <a 'sun/nio/fs/UnixException'{0x00000000d158ea98}> (0x00000000d158ea98) 
thrown [src/hotspot/share/prims/jni.cpp, line 514]
Event: 4128.421 Thread 0x00007f8ac82718c0 Exception <a 'sun/nio/fs/UnixException'{0x00000000d159c918}> (0x00000000d159c918) 
thrown [src/hotspot/share/prims/jni.cpp, line 514]
Event: 4128.422 Thread 0x00007f8ac82718c0 Exception <a 'sun/nio/fs/UnixException'{0x00000000d15dddd0}> (0x00000000d15dddd0) 
thrown [src/hotspot/share/prims/jni.cpp, line 514]
Event: 4128.422 Thread 0x00007f8ac82718c0 Exception <a 'sun/nio/fs/UnixException'{0x00000000d141fae0}> (0x00000000d141fae0) 
thrown [src/hotspot/share/prims/jni.cpp, line 514]
Event: 4128.423 Thread 0x00007f8ac82718c0 Exception <a 'sun/nio/fs/UnixException'{0x00000000d1461ab0}> (0x00000000d1461ab0) 
thrown [src/hotspot/share/prims/jni.cpp, line 514]
Event: 4128.424 Thread 0x00007f8ac82718c0 Exception <a 'sun/nio/fs/UnixException'{0x00000000d14a2fb8}> (0x00000000d14a2fb8) 
thrown [src/hotspot/share/prims/jni.cpp, line 514]
Event: 4128.424 Thread 0x00007f8ac82718c0 Exception <a 'sun/nio/fs/UnixException'{0x00000000d14e3160}> (0x00000000d14e3160) 
thrown [src/hotspot/share/prims/jni.cpp, line 514]
Event: 4128.425 Thread 0x00007f8ac82718c0 Exception <a 'sun/nio/fs/UnixException'{0x00000000d13243e0}> (0x00000000d13243e0) 
thrown [src/hotspot/share/prims/jni.cpp, line 514]
Event: 4128.426 Thread 0x00007f8ac82718c0 Exception <a 'sun/nio/fs/UnixException'{0x00000000d1364718}> (0x00000000d1364718) 
thrown [src/hotspot/share/prims/jni.cpp, line 514]
Event: 4128.446 Thread 0x00007f8ac82718c0 Exception <a 'sun/nio/fs/UnixException'{0x00000000d11fa088}> (0x00000000d11fa088) 
thrown [src/hotspot/share/prims/jni.cpp, line 514]

VM Operations (20 events):
Event: 4082.058 Executing non-safepoint VM operation: HandshakeAllThreads (DeflationHandshakeClosure)
Event: 4082.058 Executing non-safepoint VM operation: HandshakeAllThreads (DeflationHandshakeClosure) done
Event: 4082.059 Executing non-safepoint VM operation: RendezvousGCThreads
Event: 4082.059 Executing non-safepoint VM operation: RendezvousGCThreads done
Event: 4126.595 Executing non-safepoint VM operation: HandshakeAllThreads (G1 Java Thread CT swap)
Event: 4126.595 Executing non-safepoint VM operation: HandshakeAllThreads (G1 Java Thread CT swap) done
Event: 4126.595 Executing non-safepoint VM operation: G1RendezvousGCThreads
Event: 4126.595 Executing non-safepoint VM operation: G1RendezvousGCThreads done
Event: 4126.779 Executing safepoint VM operation: G1CollectForAllocation (G1 Evacuation Pause)
Event: 4126.814 Executing safepoint VM operation: G1CollectForAllocation (G1 Evacuation Pause) done
Event: 4127.295 Executing safepoint VM operation: G1CollectForAllocation (G1 Evacuation Pause)
Event: 4127.345 Executing safepoint VM operation: G1CollectForAllocation (G1 Evacuation Pause) done
Event: 4127.417 Executing safepoint VM operation: G1TryInitiateConcMark (G1 Humongous Allocation)
Event: 4127.438 Executing safepoint VM operation: G1TryInitiateConcMark (G1 Humongous Allocation) done
Event: 4127.688 Executing safepoint VM operation: G1PauseRemark
Event: 4127.713 Executing safepoint VM operation: G1PauseRemark done
Event: 4127.807 Executing safepoint VM operation: G1PauseCleanup
Event: 4127.807 Executing safepoint VM operation: G1PauseCleanup done
Event: 4128.225 Executing safepoint VM operation: G1CollectForAllocation (G1 Evacuation Pause)
Event: 4128.245 Executing safepoint VM operation: G1CollectForAllocation (G1 Evacuation Pause) done

Memory protections (20 events):
Event: 4126.589 Protecting memory [0x00007f8a94ce4000,0x00007f8a94ce8000] with protection modes 0
Event: 4126.671 Protecting memory [0x00007f8a97500000,0x00007f8a97504000] with protection modes 0
Event: 4126.983 Protecting memory [0x00007f8a951e9000,0x00007f8a951ed000] with protection modes 0
Event: 4127.249 Protecting memory [0x00007f8a951e9000,0x00007f8a951ed000] with protection modes 0
Event: 4127.250 Protecting memory [0x00007f8a940d8000,0x00007f8a940dc000] with protection modes 0
Event: 4127.250 Protecting memory [0x00007f8a943db000,0x00007f8a943df000] with protection modes 0
Event: 4127.251 Protecting memory [0x00007f8a83cfe000,0x00007f8a83d02000] with protection modes 0
Event: 4127.251 Protecting memory [0x00007f8a942da000,0x00007f8a942de000] with protection modes 0
Event: 4127.253 Protecting memory [0x00007f8a946de000,0x00007f8a946e2000] with protection modes 0
Event: 4127.253 Protecting memory [0x00007f8a962fa000,0x00007f8a962fe000] with protection modes 0
Event: 4127.253 Protecting memory [0x00007f8a966fe000,0x00007f8a96702000] with protection modes 0
Event: 4127.684 Protecting memory [0x00007f8a966fe000,0x00007f8a96702000] with protection modes 0
Event: 4128.107 Protecting memory [0x00007f8a966fe000,0x00007f8a96702000] with protection modes 0
Event: 4128.108 Protecting memory [0x00007f8a962fa000,0x00007f8a962fe000] with protection modes 0
Event: 4128.108 Protecting memory [0x00007f8a951e9000,0x00007f8a951ed000] with protection modes 0
Event: 4128.108 Protecting memory [0x00007f8a942da000,0x00007f8a942de000] with protection modes 0
Event: 4128.108 Protecting memory [0x00007f8a83cfe000,0x00007f8a83d02000] with protection modes 0
Event: 4128.108 Protecting memory [0x00007f8a940d8000,0x00007f8a940dc000] with protection modes 0
Event: 4128.109 Protecting memory [0x00007f8a946de000,0x00007f8a946e2000] with protection modes 0
Event: 4128.109 Protecting memory [0x00007f8a943db000,0x00007f8a943df000] with protection modes 0

Nmethod flushes (20 events):
Event: 4127.711 Thread 0x00007f8ac80da910 flushing  nmethod 0x00007f8ab1b85188
Event: 4127.711 Thread 0x00007f8ac80da910 flushing  nmethod 0x00007f8ab1b89e88
Event: 4127.711 Thread 0x00007f8ac80da910 flushing  nmethod 0x00007f8ab1ccb088
Event: 4127.711 Thread 0x00007f8ac80da910 flushing  nmethod 0x00007f8ab1da1388
Event: 4127.711 Thread 0x00007f8ac80da910 flushing  nmethod 0x00007f8ab206fb08
Event: 4127.711 Thread 0x00007f8ac80da910 flushing  nmethod 0x00007f8ab207de88
Event: 4127.711 Thread 0x00007f8ac80da910 flushing  nmethod 0x00007f8ab2130008
Event: 4127.711 Thread 0x00007f8ac80da910 flushing  nmethod 0x00007f8ab2131008
Event: 4127.711 Thread 0x00007f8ac80da910 flushing  nmethod 0x00007f8ab23cd008
Event: 4127.711 Thread 0x00007f8ac80da910 flushing  nmethod 0x00007f8ab23d0b88
Event: 4127.711 Thread 0x00007f8ac80da910 flushing  nmethod 0x00007f8ab2425788
Event: 4127.711 Thread 0x00007f8ac80da910 flushing  nmethod 0x00007f8ab242d688
Event: 4127.711 Thread 0x00007f8ac80da910 flushing  nmethod 0x00007f8ab24e5008
Event: 4127.711 Thread 0x00007f8ac80da910 flushing  nmethod 0x00007f8ab24e7608
Event: 4127.711 Thread 0x00007f8ac80da910 flushing  nmethod 0x00007f8ab2573508
Event: 4127.711 Thread 0x00007f8ac80da910 flushing  nmethod 0x00007f8ab26c2188
Event: 4127.711 Thread 0x00007f8ac80da910 flushing  nmethod 0x00007f8ab27aab08
Event: 4127.711 Thread 0x00007f8ac80da910 flushing  nmethod 0x00007f8ab27b8908
Event: 4127.711 Thread 0x00007f8ac80da910 flushing  nmethod 0x00007f8ab27b9b88
Event: 4127.711 Thread 0x00007f8ac80da910 flushing  nmethod 0x00007f8ab27c3108

Events (20 events):
Event: 4127.258 Thread 0x000055cb411f6cb0 Thread exited: 0x000055cb411f6cb0
Event: 4127.258 Thread 0x000055cb417a7ef0 Thread exited: 0x000055cb417a7ef0
Event: 4127.684 Thread 0x00007f8ac91d8c50 Thread added: 0x00007f8a99953fe0
Event: 4127.745 Thread 0x00007f8a99953fe0 Thread exited: 0x00007f8a99953fe0
Event: 4128.107 Thread 0x00007f8ac91d8c50 Thread added: 0x00007f8a98aacac0
Event: 4128.108 Thread 0x00007f8ac91d8c50 Thread added: 0x00007f8a99e27f10
Event: 4128.108 Thread 0x00007f8ac91d8c50 Thread added: 0x00007f8a98344460
Event: 4128.108 Thread 0x00007f8ac91d8c50 Thread added: 0x00007f8a980408e0
Event: 4128.108 Thread 0x00007f8ac91d8c50 Thread added: 0x00007f8a999f8a80
Event: 4128.108 Thread 0x00007f8ac91d8c50 Thread added: 0x00007f8a9a0c7aa0
Event: 4128.109 Thread 0x00007f8ac91d8c50 Thread added: 0x00007f8a98295510
Event: 4128.109 Thread 0x00007f8ac91d8c50 Thread added: 0x00007f8a986150a0
Event: 4128.111 Thread 0x00007f8a9a0c7aa0 Thread exited: 0x00007f8a9a0c7aa0
Event: 4128.111 Thread 0x00007f8a999f8a80 Thread exited: 0x00007f8a999f8a80
Event: 4128.111 Thread 0x00007f8a98344460 Thread exited: 0x00007f8a98344460
Event: 4128.111 Thread 0x00007f8a98295510 Thread exited: 0x00007f8a98295510
Event: 4128.111 Thread 0x00007f8a99e27f10 Thread exited: 0x00007f8a99e27f10
Event: 4128.111 Thread 0x00007f8a980408e0 Thread exited: 0x00007f8a980408e0
Event: 4128.112 Thread 0x00007f8a986150a0 Thread exited: 0x00007f8a986150a0
Event: 4128.112 Thread 0x00007f8a98aacac0 Thread exited: 0x00007f8a98aacac0


Dynamic libraries:
33000000-33001000 ---p 00000000 00:00 0 
33001000-33dae000 rw-p 00001000 00:26 45246752                           /home/pek/.cache/coursier/arc/https/github.com/adoptium/temurin26-binaries/releases/download/jdk-26.0.2%252B10/OpenJDK26U-jdk_x64_linux_hotspot_26.0.2_10.tar.gz/jdk-26.0.2+10/lib/server/classes.jsa
33dae000-34000000 ---p 00000000 00:00 0 
34000000-34040000 rw-p 00000000 00:00 0 
34040000-34280000 rw-p 00000000 00:00 0 
34280000-34a60000 rw-p 00000000 00:00 0 
34a60000-34a80000 rw-p 00000000 00:00 0 
34a80000-34ce0000 rw-p 00000000 00:00 0 
34ce0000-34d00000 rw-p 00000000 00:00 0 
34d00000-35790000 rw-p 00000000 00:00 0 
35790000-74000000 ---p 00000000 00:00 0 
a0000000-d4200000 rw-p 00000000 00:00 0 
d4200000-fd800000 ---p 00000000 00:00 0 
fd800000-ffd00000 rw-p 00000000 00:00 0 
ffd00000-ffe00000 rw-p 00000000 00:00 0 
ffe00000-fff00000 rw-p 00de4000 00:26 45246752                           /home/pek/.cache/coursier/arc/https/github.com/adoptium/temurin26-binaries/releases/download/jdk-26.0.2%252B10/OpenJDK26U-jdk_x64_linux_hotspot_26.0.2_10.tar.gz/jdk-26.0.2+10/lib/server/classes.jsa
fff00000-100000000 rw-p 00000000 00:00 0 
55cb2f17c000-55cb2f17d000 r--p 00000000 00:26 45246309                   /home/pek/.cache/coursier/arc/https/github.com/adoptium/temurin26-binaries/releases/download/jdk-26.0.2%252B10/OpenJDK26U-jdk_x64_linux_hotspot_26.0.2_10.tar.gz/jdk-26.0.2+10/bin/java
55cb2f17d000-55cb2f17e000 r-xp 00001000 00:26 45246309                   /home/pek/.cache/coursier/arc/https/github.com/adoptium/temurin26-binaries/releases/download/jdk-26.0.2%252B10/OpenJDK26U-jdk_x64_linux_hotspot_26.0.2_10.tar.gz/jdk-26.0.2+10/bin/java
55cb2f17e000-55cb2f17f000 r--p 00002000 00:26 45246309                   /home/pek/.cache/coursier/arc/https/github.com/adoptium/temurin26-binaries/releases/download/jdk-26.0.2%252B10/OpenJDK26U-jdk_x64_linux_hotspot_26.0.2_10.tar.gz/jdk-26.0.2+10/bin/java
55cb2f17f000-55cb2f180000 r--p 00002000 00:26 45246309                   /home/pek/.cache/coursier/arc/https/github.com/adoptium/temurin26-binaries/releases/download/jdk-26.0.2%252B10/OpenJDK26U-jdk_x64_linux_hotspot_26.0.2_10.tar.gz/jdk-26.0.2+10/bin/java
55cb2f180000-55cb2f181000 rw-p 00003000 00:26 45246309                   /home/pek/.cache/coursier/arc/https/github.com/adoptium/temurin26-binaries/releases/download/jdk-26.0.2%252B10/OpenJDK26U-jdk_x64_linux_hotspot_26.0.2_10.tar.gz/jdk-26.0.2+10/bin/java
55cb4115a000-55cb46d85000 rw-p 00000000 00:00 0                          [heap]
7f8a74000000-7f8a76840000 rw-p 00000000 00:00 0 
7f8a76840000-7f8a78000000 ---p 00000000 00:00 0 
7f8a83cfd000-7f8a83cfe000 rw-p 00000000 00:00 0 
7f8a83cfe000-7f8a83d02000 ---p 00000000 00:00 0 
7f8a83d02000-7f8a83dff000 rw-p 00000000 00:00 0 
7f8a83dff000-7f8a83e03000 ---p 00000000 00:00 0 
7f8a83e03000-7f8a83f00000 rw-p 00000000 00:00 0 
7f8a83f00000-7f8a83f04000 ---p 00000000 00:00 0 
7f8a83f04000-7f8a84000000 rw-p 00000000 00:00 0 
7f8a84000000-7f8a851e0000 rw-p 00000000 00:00 0 
7f8a851e0000-7f8a85200000 rw-p 00000000 00:00 0 
7f8a85200000-7f8a85380000 rw-p 00000000 00:00 0 
7f8a85380000-7f8a853b0000 rw-p 00000000 00:00 0 
7f8a853b0000-7f8a85400000 ---p 00000000 00:00 0 
7f8a85400000-7f8a855a0000 rw-p 00000000 00:00 0 
7f8a855a0000-7f8a88000000 ---p 00000000 00:00 0 
7f8a88000000-7f8a88100000 rw-p 00000000 00:00 0 
7f8a88100000-7f8a88200000 rw-p 00000000 00:00 0 
7f8a88200000-7f8a88b80000 rw-p 00000000 00:00 0 
7f8a88b80000-7f8a88c00000 rw-p 00000000 00:00 0 
7f8a88c00000-7f8a898a0000 rw-p 00000000 00:00 0 
7f8a898a0000-7f8a89d00000 rw-p 00000000 00:00 0 
7f8a89d00000-7f8a89e00000 rw-p 00000000 00:00 0 
7f8a89e00000-7f8a8c000000 rw-p 00000000 00:00 0 
7f8a8c000000-7f8a8c400000 rw-p 00000000 00:00 0 
7f8a8c400000-7f8a8dd80000 rw-p 00000000 00:00 0 
7f8a8dd80000-7f8a8de00000 rw-p 00000000 00:00 0 
7f8a8de00000-7f8a8e300000 rw-p 00000000 00:00 0 
7f8a8e300000-7f8a8e400000 rw-p 00000000 00:00 0 
7f8a8e400000-7f8a8f500000 rw-p 00000000 00:00 0 
7f8a8f500000-7f8a8f600000 rw-p 00000000 00:00 0 
7f8a8f600000-7f8a90000000 rw-p 00000000 00:00 0 
7f8a90000000-7f8a933d8000 rw-p 00000000 00:00 0 
7f8a933d8000-7f8a94000000 ---p 00000000 00:00 0 
7f8a940d7000-7f8a940d8000 rw-p 00000000 00:00 0 
7f8a940d8000-7f8a940dc000 ---p 00000000 00:00 0 
7f8a940dc000-7f8a941d9000 rw-p 00000000 00:00 0 
7f8a941d9000-7f8a941dd000 ---p 00000000 00:00 0 
7f8a941dd000-7f8a942da000 rw-p 00000000 00:00 0 
7f8a942da000-7f8a942de000 ---p 00000000 00:00 0 
7f8a942de000-7f8a943db000 rw-p 00000000 00:00 0 
7f8a943db000-7f8a943df000 ---p 00000000 00:00 0 
7f8a943df000-7f8a944dc000 rw-p 00000000 00:00 0 
7f8a944dc000-7f8a944e0000 ---p 00000000 00:00 0 
7f8a944e0000-7f8a945dd000 rw-p 00000000 00:00 0 
7f8a945dd000-7f8a945e1000 ---p 00000000 00:00 0 
7f8a945e1000-7f8a946de000 rw-p 00000000 00:00 0 
7f8a946de000-7f8a946e2000 ---p 00000000 00:00 0 
7f8a946e2000-7f8a947df000 rw-p 00000000 00:00 0 
7f8a947df000-7f8a947e3000 ---p 00000000 00:00 0 
7f8a947e3000-7f8a948e0000 rw-p 00000000 00:00 0 
7f8a948e0000-7f8a948e4000 ---p 00000000 00:00 0 
7f8a948e4000-7f8a949e1000 rw-p 00000000 00:00 0 
7f8a949e1000-7f8a949e5000 ---p 00000000 00:00 0 
7f8a949e5000-7f8a94ae2000 rw-p 00000000 00:00 0 
7f8a94ae2000-7f8a94ae6000 ---p 00000000 00:00 0 
7f8a94ae6000-7f8a94be3000 rw-p 00000000 00:00 0 
7f8a94be3000-7f8a94be7000 ---p 00000000 00:00 0 
7f8a94be7000-7f8a94ce4000 rw-p 00000000 00:00 0 
7f8a94ce4000-7f8a94ce8000 ---p 00000000 00:00 0 
7f8a94ce8000-7f8a94de5000 rw-p 00000000 00:00 0 
7f8a94de5000-7f8a94de9000 ---p 00000000 00:00 0 
7f8a94de9000-7f8a94ee6000 rw-p 00000000 00:00 0 
7f8a94ee6000-7f8a94eea000 ---p 00000000 00:00 0 
7f8a94eea000-7f8a94fe7000 rw-p 00000000 00:00 0 
7f8a94fe7000-7f8a94feb000 ---p 00000000 00:00 0 
7f8a94feb000-7f8a950e8000 rw-p 00000000 00:00 0 
7f8a950e8000-7f8a950ec000 ---p 00000000 00:00 0 
7f8a950ec000-7f8a951e9000 rw-p 00000000 00:00 0 
7f8a951e9000-7f8a951ed000 ---p 00000000 00:00 0 
7f8a951ed000-7f8a952ea000 rw-p 00000000 00:00 0 
7f8a952ea000-7f8a952ee000 ---p 00000000 00:00 0 
7f8a952ee000-7f8a953eb000 rw-p 00000000 00:00 0 
7f8a953eb000-7f8a953ef000 ---p 00000000 00:00 0 
7f8a953ef000-7f8a954ec000 rw-p 00000000 00:00 0 
7f8a954ec000-7f8a954f0000 ---p 00000000 00:00 0 
7f8a954f0000-7f8a955ed000 rw-p 00000000 00:00 0 
7f8a955ed000-7f8a955f1000 ---p 00000000 00:00 0 
7f8a955f1000-7f8a956ee000 rw-p 00000000 00:00 0 
7f8a956ee000-7f8a956f2000 ---p 00000000 00:00 0 
7f8a956f2000-7f8a957ef000 rw-p 00000000 00:00 0 
7f8a957ef000-7f8a957f3000 ---p 00000000 00:00 0 
7f8a957f3000-7f8a958f0000 rw-p 00000000 00:00 0 
7f8a958f0000-7f8a958f4000 ---p 00000000 00:00 0 
7f8a958f4000-7f8a959f1000 rw-p 00000000 00:00 0 
7f8a959f1000-7f8a959f5000 ---p 00000000 00:00 0 
7f8a959f5000-7f8a95af2000 rw-p 00000000 00:00 0 
7f8a95af2000-7f8a95af6000 ---p 00000000 00:00 0 
7f8a95af6000-7f8a95bf3000 rw-p 00000000 00:00 0 
7f8a95bf3000-7f8a95bf7000 ---p 00000000 00:00 0 
7f8a95bf7000-7f8a95cf4000 rw-p 00000000 00:00 0 
7f8a95cf4000-7f8a95cf8000 ---p 00000000 00:00 0 
7f8a95cf8000-7f8a95df5000 rw-p 00000000 00:00 0 
7f8a95df5000-7f8a95df9000 ---p 00000000 00:00 0 
7f8a95df9000-7f8a95ef6000 rw-p 00000000 00:00 0 
7f8a95ef6000-7f8a95efa000 ---p 00000000 00:00 0 
7f8a95efa000-7f8a95ff7000 rw-p 00000000 00:00 0 
7f8a95ff7000-7f8a95ffb000 ---p 00000000 00:00 0 
7f8a95ffb000-7f8a960f8000 rw-p 00000000 00:00 0 
7f8a960f8000-7f8a960fc000 ---p 00000000 00:00 0 
7f8a960fc000-7f8a961f9000 rw-p 00000000 00:00 0 
7f8a961f9000-7f8a961fd000 ---p 00000000 00:00 0 
7f8a961fd000-7f8a962fa000 rw-p 00000000 00:00 0 
7f8a962fa000-7f8a962fe000 ---p 00000000 00:00 0 
7f8a962fe000-7f8a963fb000 rw-p 00000000 00:00 0 
7f8a963fb000-7f8a963ff000 ---p 00000000 00:00 0 
7f8a963ff000-7f8a964fc000 rw-p 00000000 00:00 0 
7f8a964fc000-7f8a96500000 ---p 00000000 00:00 0 
7f8a96500000-7f8a965fd000 rw-p 00000000 00:00 0 
7f8a965fd000-7f8a96601000 ---p 00000000 00:00 0 
7f8a96601000-7f8a966fe000 rw-p 00000000 00:00 0 
7f8a966fe000-7f8a96702000 ---p 00000000 00:00 0 
7f8a96702000-7f8a967ff000 rw-p 00000000 00:00 0 
7f8a967ff000-7f8a96803000 ---p 00000000 00:00 0 
7f8a96803000-7f8a96900000 rw-p 00000000 00:00 0 
7f8a96900000-7f8a96904000 ---p 00000000 00:00 0 
7f8a96904000-7f8a96a00000 rw-p 00000000 00:00 0 
7f8a96a00000-7f8a96a01000 r-xp 00000000 00:33 240                        /run/user/1000/.sbtd0448edb/swoval/swoval-jni/6540165587632316656-libswoval-files0.so
7f8a96a01000-7f8a96c00000 ---p 00001000 00:33 240                        /run/user/1000/.sbtd0448edb/swoval/swoval-jni/6540165587632316656-libswoval-files0.so
7f8a96c00000-7f8a96c01000 r--p 00000000 00:33 240                        /run/user/1000/.sbtd0448edb/swoval/swoval-jni/6540165587632316656-libswoval-files0.so
7f8a96c01000-7f8a96c02000 rw-p 00001000 00:33 240                        /run/user/1000/.sbtd0448edb/swoval/swoval-jni/6540165587632316656-libswoval-files0.so
7f8a96cff000-7f8a96d00000 rw-p 00000000 00:00 0 
7f8a96d00000-7f8a96d04000 ---p 00000000 00:00 0 
7f8a96d04000-7f8a96e00000 rw-p 00000000 00:00 0 
7f8a96e00000-7f8a96e02000 r-xp 00000000 00:2d 2849                       /tmp/jlinenative-3.27.1-58b5205b9299bd46-libjlinenative.so
7f8a96e02000-7f8a97001000 ---p 00002000 00:2d 2849                       /tmp/jlinenative-3.27.1-58b5205b9299bd46-libjlinenative.so
7f8a97001000-7f8a97002000 r--p 00001000 00:2d 2849                       /tmp/jlinenative-3.27.1-58b5205b9299bd46-libjlinenative.so
7f8a97002000-7f8a97003000 rw-p 00002000 00:2d 2849                       /tmp/jlinenative-3.27.1-58b5205b9299bd46-libjlinenative.so
7f8a970fb000-7f8a970fc000 rw-p 00000000 00:00 0 
7f8a970fc000-7f8a97100000 ---p 00000000 00:00 0 
7f8a97100000-7f8a971fd000 rw-p 00000000 00:00 0 
7f8a971fd000-7f8a97201000 ---p 00000000 00:00 0 
7f8a97201000-7f8a972fe000 rw-p 00000000 00:00 0 
7f8a972fe000-7f8a97302000 ---p 00000000 00:00 0 
7f8a97302000-7f8a973ff000 rw-p 00000000 00:00 0 
7f8a973ff000-7f8a97403000 ---p 00000000 00:00 0 
7f8a97403000-7f8a97500000 rw-p 00000000 00:00 0 
7f8a97500000-7f8a97504000 ---p 00000000 00:00 0 
7f8a97504000-7f8a97600000 rw-p 00000000 00:00 0 
7f8a97600000-7f8a9761e000 r-xp 00000000 00:26 45290828                   /home/pek/.cache/JNA/temp/jna8419292682090027202.tmp (deleted)
7f8a9761e000-7f8a9781d000 ---p 0001e000 00:26 45290828                   /home/pek/.cache/JNA/temp/jna8419292682090027202.tmp (deleted)
7f8a9781d000-7f8a9781e000 rw-p 0001d000 00:26 45290828                   /home/pek/.cache/JNA/temp/jna8419292682090027202.tmp (deleted)
7f8a9781e000-7f8a9781f000 rw-p 00000000 00:00 0 
7f8a978f9000-7f8a979fb000 rw-p 00000000 00:00 0 
7f8a979fb000-7f8a979ff000 ---p 00000000 00:00 0 
7f8a979ff000-7f8a98000000 rw-p 00000000 00:00 0 
7f8a98000000-7f8a9bfdf000 rw-p 00000000 00:00 0 
7f8a9bfdf000-7f8a9c000000 ---p 00000000 00:00 0 
7f8a9c000000-7f8a9fffd000 rw-p 00000000 00:00 0 
7f8a9fffd000-7f8aa0000000 ---p 00000000 00:00 0 
7f8aa0000000-7f8aa3f2c000 rw-p 00000000 00:00 0 
7f8aa3f2c000-7f8aa4000000 ---p 00000000 00:00 0 
7f8aa4000000-7f8aa7785000 rw-p 00000000 00:00 0 
7f8aa7785000-7f8aa8000000 ---p 00000000 00:00 0 
7f8aa8000000-7f8aaa62d000 rw-p 00000000 00:00 0 
7f8aaa62d000-7f8aac000000 ---p 00000000 00:00 0 
7f8aac099000-7f8aac09a000 rw-p 00000000 00:00 0 
7f8aac09a000-7f8aac09e000 ---p 00000000 00:00 0 
7f8aac09e000-7f8aac19b000 rw-p 00000000 00:00 0 
7f8aac19b000-7f8aac19f000 ---p 00000000 00:00 0 
7f8aac19f000-7f8aac29c000 rw-p 00000000 00:00 0 
7f8aac29c000-7f8aac2a0000 ---p 00000000 00:00 0 
7f8aac2a0000-7f8aac39d000 rw-p 00000000 00:00 0 
7f8aac39d000-7f8aac3a1000 ---p 00000000 00:00 0 
7f8aac3a1000-7f8aac49e000 rw-p 00000000 00:00 0 
7f8aac49e000-7f8aac4a2000 ---p 00000000 00:00 0 
7f8aac4a2000-7f8aac7a1000 rw-p 00000000 00:00 0 
7f8aac7a1000-7f8aac7a5000 ---p 00000000 00:00 0 
7f8aac7a5000-7f8aac8a2000 rw-p 00000000 00:00 0 
7f8aac8a2000-7f8aac8a6000 ---p 00000000 00:00 0 
7f8aac8a6000-7f8aac9a3000 rw-p 00000000 00:00 0 
7f8aac9a3000-7f8aac9a7000 ---p 00000000 00:00 0 
7f8aac9a7000-7f8aacaa4000 rw-p 00000000 00:00 0 
7f8aacaa4000-7f8aacaa8000 ---p 00000000 00:00 0 
7f8aacaa8000-7f8aacba5000 rw-p 00000000 00:00 0 
7f8aacba5000-7f8aacba9000 ---p 00000000 00:00 0 
7f8aacba9000-7f8aacca5000 rw-p 00000000 00:00 0 
7f8aacca5000-7f8aacca8000 r--p 00000000 103:04 4720869                   /usr/lib/libnss_resolve.so.2
7f8aacca8000-7f8aaccdb000 r-xp 00003000 103:04 4720869                   /usr/lib/libnss_resolve.so.2
7f8aaccdb000-7f8aaccf3000 r--p 00036000 103:04 4720869                   /usr/lib/libnss_resolve.so.2
7f8aaccf3000-7f8aaccfa000 r--p 0004e000 103:04 4720869                   /usr/lib/libnss_resolve.so.2
7f8aaccfa000-7f8aaccfb000 rw-p 00055000 103:04 4720869                   /usr/lib/libnss_resolve.so.2
7f8aaccfb000-7f8aaccfc000 rw-p 00000000 00:00 0 
7f8aaccfc000-7f8aacd00000 ---p 00000000 00:00 0 
7f8aacd00000-7f8aacdfd000 rw-p 00000000 00:00 0 
7f8aacdfd000-7f8aace01000 ---p 00000000 00:00 0 
7f8aace01000-7f8aacefe000 rw-p 00000000 00:00 0 
7f8aacefe000-7f8aacf02000 ---p 00000000 00:00 0 
7f8aacf02000-7f8aacfff000 rw-p 00000000 00:00 0 
7f8aacfff000-7f8aad003000 ---p 00000000 00:00 0 
7f8aad003000-7f8aad100000 rw-p 00000000 00:00 0 
7f8aad100000-7f8aad104000 ---p 00000000 00:00 0 
7f8aad104000-7f8aad200000 rw-p 00000000 00:00 0 
7f8aad200000-7f8aad7f4000 r--p 00000000 103:04 4775691                   /usr/lib/locale/locale-archive
7f8aad7fa000-7f8aad7fb000 rw-p 00000000 00:00 0 
7f8aad7fb000-7f8aad7ff000 ---p 00000000 00:00 0 
7f8aad7ff000-7f8aad8fc000 rw-p 00000000 00:00 0 
7f8aad8fc000-7f8aad900000 ---p 00000000 00:00 0 
7f8aad900000-7f8aade00000 rw-p 00000000 00:00 0 
7f8aade00000-7f8aafe00000 rw-p 00000000 00:00 0 
7f8aafe07000-7f8aafe08000 rw-p 00000000 00:00 0 
7f8aafe08000-7f8aafe0c000 ---p 00000000 00:00 0 
7f8aafe0c000-7f8aafe2a000 rw-p 00000000 00:00 0 
7f8aafe2a000-7f8aafe2c000 r--p 00000000 00:26 45246705                   /home/pek/.cache/coursier/arc/https/github.com/adoptium/temurin26-binaries/releases/download/jdk-26.0.2%252B10/OpenJDK26U-jdk_x64_linux_hotspot_26.0.2_10.tar.gz/jdk-26.0.2+10/lib/libzip.so
7f8aafe2c000-7f8aafe3f000 r-xp 00002000 00:26 45246705                   /home/pek/.cache/coursier/arc/https/github.com/adoptium/temurin26-binaries/releases/download/jdk-26.0.2%252B10/OpenJDK26U-jdk_x64_linux_hotspot_26.0.2_10.tar.gz/jdk-26.0.2+10/lib/libzip.so
7f8aafe3f000-7f8aafe46000 r--p 00015000 00:26 45246705                   /home/pek/.cache/coursier/arc/https/github.com/adoptium/temurin26-binaries/releases/download/jdk-26.0.2%252B10/OpenJDK26U-jdk_x64_linux_hotspot_26.0.2_10.tar.gz/jdk-26.0.2+10/lib/libzip.so
7f8aafe46000-7f8aafe47000 r--p 0001c000 00:26 45246705                   /home/pek/.cache/coursier/arc/https/github.com/adoptium/temurin26-binaries/releases/download/jdk-26.0.2%252B10/OpenJDK26U-jdk_x64_linux_hotspot_26.0.2_10.tar.gz/jdk-26.0.2+10/lib/libzip.so
7f8aafe47000-7f8aafe48000 rw-p 0001d000 00:26 45246705                   /home/pek/.cache/coursier/arc/https/github.com/adoptium/temurin26-binaries/releases/download/jdk-26.0.2%252B10/OpenJDK26U-jdk_x64_linux_hotspot_26.0.2_10.tar.gz/jdk-26.0.2+10/lib/libzip.so
7f8aafe48000-7f8aafe4c000 r--p 00000000 103:04 4720867                   /usr/lib/libnss_mymachines.so.2
7f8aafe4c000-7f8aafe9d000 r-xp 00004000 103:04 4720867                   /usr/lib/libnss_mymachines.so.2
7f8aafe9d000-7f8aafeb7000 r--p 00055000 103:04 4720867                   /usr/lib/libnss_mymachines.so.2
7f8aafeb7000-7f8aafeba000 r--p 0006f000 103:04 4720867                   /usr/lib/libnss_mymachines.so.2
7f8aafeba000-7f8aafebb000 rw-p 00072000 103:04 4720867                   /usr/lib/libnss_mymachines.so.2
7f8aafebb000-7f8aafebc000 r--p 00000000 00:26 45246709                   /home/pek/.cache/coursier/arc/https/github.com/adoptium/temurin26-binaries/releases/download/jdk-26.0.2%252B10/OpenJDK26U-jdk_x64_linux_hotspot_26.0.2_10.tar.gz/jdk-26.0.2+10/lib/libsimdsort.so
7f8aafebc000-7f8aafef5000 r-xp 00001000 00:26 45246709                   /home/pek/.cache/coursier/arc/https/github.com/adoptium/temurin26-binaries/releases/download/jdk-26.0.2%252B10/OpenJDK26U-jdk_x64_linux_hotspot_26.0.2_10.tar.gz/jdk-26.0.2+10/lib/libsimdsort.so
7f8aafef5000-7f8aafefb000 r--p 0003a000 00:26 45246709                   /home/pek/.cache/coursier/arc/https/github.com/adoptium/temurin26-binaries/releases/download/jdk-26.0.2%252B10/OpenJDK26U-jdk_x64_linux_hotspot_26.0.2_10.tar.gz/jdk-26.0.2+10/lib/libsimdsort.so
7f8aafefb000-7f8aafefc000 r--p 0003f000 00:26 45246709                   /home/pek/.cache/coursier/arc/https/github.com/adoptium/temurin26-binaries/releases/download/jdk-26.0.2%252B10/OpenJDK26U-jdk_x64_linux_hotspot_26.0.2_10.tar.gz/jdk-26.0.2+10/lib/libsimdsort.so
7f8aafefc000-7f8aafefd000 rw-p 00040000 00:26 45246709                   /home/pek/.cache/coursier/arc/https/github.com/adoptium/temurin26-binaries/releases/download/jdk-26.0.2%252B10/OpenJDK26U-jdk_x64_linux_hotspot_26.0.2_10.tar.gz/jdk-26.0.2+10/lib/libsimdsort.so
7f8aafefd000-7f8aafffe000 rw-p 00000000 00:00 0 
7f8aafffe000-7f8ab291e000 rwxp 00000000 00:00 0 
7f8ab291e000-7f8ab7536000 ---p 00000000 00:00 0 
7f8ab7536000-7f8ab7806000 rwxp 00000000 00:00 0 
7f8ab7806000-7f8ab7ac8000 ---p 00000000 00:00 0 
7f8ab7ac8000-7f8ab8938000 rwxp 00000000 00:00 0 
7f8ab8938000-7f8abf000000 ---p 00000000 00:00 0 
7f8abf000000-7f8ac7f41000 r--s 00000000 00:26 45246737                   /home/pek/.cache/coursier/arc/https/github.com/adoptium/temurin26-binaries/releases/download/jdk-26.0.2%252B10/OpenJDK26U-jdk_x64_linux_hotspot_26.0.2_10.tar.gz/jdk-26.0.2+10/lib/modules
7f8ac7f56000-7f8ac7f59000 r--p 00000000 00:26 45246712                   /home/pek/.cache/coursier/arc/https/github.com/adoptium/temurin26-binaries/releases/download/jdk-26.0.2%252B10/OpenJDK26U-jdk_x64_linux_hotspot_26.0.2_10.tar.gz/jdk-26.0.2+10/lib/libnet.so
7f8ac7f59000-7f8ac7f60000 r-xp 00003000 00:26 45246712                   /home/pek/.cache/coursier/arc/https/github.com/adoptium/temurin26-binaries/releases/download/jdk-26.0.2%252B10/OpenJDK26U-jdk_x64_linux_hotspot_26.0.2_10.tar.gz/jdk-26.0.2+10/lib/libnet.so
7f8ac7f60000-7f8ac7f62000 r--p 0000a000 00:26 45246712                   /home/pek/.cache/coursier/arc/https/github.com/adoptium/temurin26-binaries/releases/download/jdk-26.0.2%252B10/OpenJDK26U-jdk_x64_linux_hotspot_26.0.2_10.tar.gz/jdk-26.0.2+10/lib/libnet.so
7f8ac7f62000-7f8ac7f63000 r--p 0000b000 00:26 45246712                   /home/pek/.cache/coursier/arc/https/github.com/adoptium/temurin26-binaries/releases/download/jdk-26.0.2%252B10/OpenJDK26U-jdk_x64_linux_hotspot_26.0.2_10.tar.gz/jdk-26.0.2+10/lib/libnet.so
7f8ac7f63000-7f8ac7f64000 rw-p 0000c000 00:26 45246712                   /home/pek/.cache/coursier/arc/https/github.com/adoptium/temurin26-binaries/releases/download/jdk-26.0.2%252B10/OpenJDK26U-jdk_x64_linux_hotspot_26.0.2_10.tar.gz/jdk-26.0.2+10/lib/libnet.so
7f8ac7f64000-7f8ac7fbf000 rw-p 00000000 00:00 0 
7f8ac8000000-7f8acbfcb000 rw-p 00000000 00:00 0 
7f8acbfcb000-7f8acc000000 ---p 00000000 00:00 0 
7f8acc002000-7f8acc004000 r--p 00000000 00:26 45246718                   /home/pek/.cache/coursier/arc/https/github.com/adoptium/temurin26-binaries/releases/download/jdk-26.0.2%252B10/OpenJDK26U-jdk_x64_linux_hotspot_26.0.2_10.tar.gz/jdk-26.0.2+10/lib/libmanagement_ext.so
7f8acc004000-7f8acc007000 r-xp 00002000 00:26 45246718                   /home/pek/.cache/coursier/arc/https/github.com/adoptium/temurin26-binaries/releases/download/jdk-26.0.2%252B10/OpenJDK26U-jdk_x64_linux_hotspot_26.0.2_10.tar.gz/jdk-26.0.2+10/lib/libmanagement_ext.so
7f8acc007000-7f8acc008000 r--p 00005000 00:26 45246718                   /home/pek/.cache/coursier/arc/https/github.com/adoptium/temurin26-binaries/releases/download/jdk-26.0.2%252B10/OpenJDK26U-jdk_x64_linux_hotspot_26.0.2_10.tar.gz/jdk-26.0.2+10/lib/libmanagement_ext.so
7f8acc008000-7f8acc009000 r--p 00006000 00:26 45246718                   /home/pek/.cache/coursier/arc/https/github.com/adoptium/temurin26-binaries/releases/download/jdk-26.0.2%252B10/OpenJDK26U-jdk_x64_linux_hotspot_26.0.2_10.tar.gz/jdk-26.0.2+10/lib/libmanagement_ext.so
7f8acc009000-7f8acc00a000 rw-p 00007000 00:26 45246718                   /home/pek/.cache/coursier/arc/https/github.com/adoptium/temurin26-binaries/releases/download/jdk-26.0.2%252B10/OpenJDK26U-jdk_x64_linux_hotspot_26.0.2_10.tar.gz/jdk-26.0.2+10/lib/libmanagement_ext.so
7f8acc00a000-7f8acc08b000 rw-p 00000000 00:00 0 
7f8acc08d000-7f8acc090000 r--p 00000000 00:26 45246720                   /home/pek/.cache/coursier/arc/https/github.com/adoptium/temurin26-binaries/releases/download/jdk-26.0.2%252B10/OpenJDK26U-jdk_x64_linux_hotspot_26.0.2_10.tar.gz/jdk-26.0.2+10/lib/libmanagement.so
7f8acc090000-7f8acc091000 r-xp 00003000 00:26 45246720                   /home/pek/.cache/coursier/arc/https/github.com/adoptium/temurin26-binaries/releases/download/jdk-26.0.2%252B10/OpenJDK26U-jdk_x64_linux_hotspot_26.0.2_10.tar.gz/jdk-26.0.2+10/lib/libmanagement.so
7f8acc091000-7f8acc092000 r--p 00004000 00:26 45246720                   /home/pek/.cache/coursier/arc/https/github.com/adoptium/temurin26-binaries/releases/download/jdk-26.0.2%252B10/OpenJDK26U-jdk_x64_linux_hotspot_26.0.2_10.tar.gz/jdk-26.0.2+10/lib/libmanagement.so
7f8acc092000-7f8acc093000 r--p 00004000 00:26 45246720                   /home/pek/.cache/coursier/arc/https/github.com/adoptium/temurin26-binaries/releases/download/jdk-26.0.2%252B10/OpenJDK26U-jdk_x64_linux_hotspot_26.0.2_10.tar.gz/jdk-26.0.2+10/lib/libmanagement.so
7f8acc093000-7f8acc094000 rw-p 00005000 00:26 45246720                   /home/pek/.cache/coursier/arc/https/github.com/adoptium/temurin26-binaries/releases/download/jdk-26.0.2%252B10/OpenJDK26U-jdk_x64_linux_hotspot_26.0.2_10.tar.gz/jdk-26.0.2+10/lib/libmanagement.so
7f8acc094000-7f8acc098000 r--p 00000000 103:04 4769539                   /usr/lib/libgcc_s.so.1
7f8acc098000-7f8acc0bb000 r-xp 00004000 103:04 4769539                   /usr/lib/libgcc_s.so.1
7f8acc0bb000-7f8acc0bf000 r--p 00027000 103:04 4769539                   /usr/lib/libgcc_s.so.1
7f8acc0bf000-7f8acc0c0000 r--p 0002b000 103:04 4769539                   /usr/lib/libgcc_s.so.1
7f8acc0c0000-7f8acc0c1000 rw-p 0002c000 103:04 4769539                   /usr/lib/libgcc_s.so.1
7f8acc0c1000-7f8acc8c9000 rw-p 00000000 00:00 0 
7f8acc8c9000-7f8accbcc000 rw-p 00000000 00:00 0 
7f8accbcc000-7f8acd908000 rw-p 00000000 00:00 0 
7f8acd908000-7f8ace360000 ---p 00000000 00:00 0 
7f8ace360000-7f8ace400000 rw-p 00000000 00:00 0 
7f8ace401000-7f8ace402000 r--p 00000000 103:04 4722106                   /usr/lib/libutil.so.1
7f8ace402000-7f8ace403000 r-xp 00001000 103:04 4722106                   /usr/lib/libutil.so.1
7f8ace403000-7f8ace404000 r--p 00002000 103:04 4722106                   /usr/lib/libutil.so.1
7f8ace404000-7f8ace405000 r--p 00002000 103:04 4722106                   /usr/lib/libutil.so.1
7f8ace405000-7f8ace406000 rw-p 00003000 103:04 4722106                   /usr/lib/libutil.so.1
7f8ace406000-7f8ace407000 r--p 00000000 00:26 45246735                   /home/pek/.cache/coursier/arc/https/github.com/adoptium/temurin26-binaries/releases/download/jdk-26.0.2%252B10/OpenJDK26U-jdk_x64_linux_hotspot_26.0.2_10.tar.gz/jdk-26.0.2+10/lib/libextnet.so
7f8ace407000-7f8ace408000 r-xp 00001000 00:26 45246735                   /home/pek/.cache/coursier/arc/https/github.com/adoptium/temurin26-binaries/releases/download/jdk-26.0.2%252B10/OpenJDK26U-jdk_x64_linux_hotspot_26.0.2_10.tar.gz/jdk-26.0.2+10/lib/libextnet.so
7f8ace408000-7f8ace409000 r--p 00002000 00:26 45246735                   /home/pek/.cache/coursier/arc/https/github.com/adoptium/temurin26-binaries/releases/download/jdk-26.0.2%252B10/OpenJDK26U-jdk_x64_linux_hotspot_26.0.2_10.tar.gz/jdk-26.0.2+10/lib/libextnet.so
7f8ace409000-7f8ace40a000 r--p 00002000 00:26 45246735                   /home/pek/.cache/coursier/arc/https/github.com/adoptium/temurin26-binaries/releases/download/jdk-26.0.2%252B10/OpenJDK26U-jdk_x64_linux_hotspot_26.0.2_10.tar.gz/jdk-26.0.2+10/lib/libextnet.so
7f8ace40a000-7f8ace40b000 rw-p 00003000 00:26 45246735                   /home/pek/.cache/coursier/arc/https/github.com/adoptium/temurin26-binaries/releases/download/jdk-26.0.2%252B10/OpenJDK26U-jdk_x64_linux_hotspot_26.0.2_10.tar.gz/jdk-26.0.2+10/lib/libextnet.so
7f8ace40b000-7f8ace413000 r--p 00000000 00:26 45246754                   /home/pek/.cache/coursier/arc/https/github.com/adoptium/temurin26-binaries/releases/download/jdk-26.0.2%252B10/OpenJDK26U-jdk_x64_linux_hotspot_26.0.2_10.tar.gz/jdk-26.0.2+10/lib/libnio.so
7f8ace413000-7f8ace41c000 r-xp 00008000 00:26 45246754                   /home/pek/.cache/coursier/arc/https/github.com/adoptium/temurin26-binaries/releases/download/jdk-26.0.2%252B10/OpenJDK26U-jdk_x64_linux_hotspot_26.0.2_10.tar.gz/jdk-26.0.2+10/lib/libnio.so
7f8ace41c000-7f8ace420000 r--p 00011000 00:26 45246754                   /home/pek/.cache/coursier/arc/https/github.com/adoptium/temurin26-binaries/releases/download/jdk-26.0.2%252B10/OpenJDK26U-jdk_x64_linux_hotspot_26.0.2_10.tar.gz/jdk-26.0.2+10/lib/libnio.so
7f8ace420000-7f8ace421000 r--p 00015000 00:26 45246754                   /home/pek/.cache/coursier/arc/https/github.com/adoptium/temurin26-binaries/releases/download/jdk-26.0.2%252B10/OpenJDK26U-jdk_x64_linux_hotspot_26.0.2_10.tar.gz/jdk-26.0.2+10/lib/libnio.so
7f8ace421000-7f8ace422000 rw-p 00016000 00:26 45246754                   /home/pek/.cache/coursier/arc/https/github.com/adoptium/temurin26-binaries/releases/download/jdk-26.0.2%252B10/OpenJDK26U-jdk_x64_linux_hotspot_26.0.2_10.tar.gz/jdk-26.0.2+10/lib/libnio.so
7f8ace422000-7f8ace5c3000 rw-p 00000000 00:00 0 
7f8ace5c3000-7f8ace70e000 ---p 00000000 00:00 0 
7f8ace70e000-7f8ace8c3000 rw-p 00000000 00:00 0 
7f8ace8c3000-7f8acea0e000 ---p 00000000 00:00 0 
7f8acea0e000-7f8acebc3000 rw-p 00000000 00:00 0 
7f8acebc3000-7f8aced0e000 ---p 00000000 00:00 0 
7f8aced0e000-7f8acf547000 rw-p 00000000 00:00 0 
7f8acf547000-7f8acf615000 ---p 00000000 00:00 0 
7f8acf615000-7f8acf668000 rw-p 00000000 00:00 0 
7f8acf668000-7f8acf700000 ---p 00000000 00:00 0 
7f8acf700000-7f8acf704000 ---p 00000000 00:00 0 
7f8acf704000-7f8acf800000 rw-p 00000000 00:00 0 
7f8acf800000-7f8acfaf7000 r--p 00000000 00:26 45246751                   /home/pek/.cache/coursier/arc/https/github.com/adoptium/temurin26-binaries/releases/download/jdk-26.0.2%252B10/OpenJDK26U-jdk_x64_linux_hotspot_26.0.2_10.tar.gz/jdk-26.0.2+10/lib/server/libjvm.so
7f8acfaf7000-7f8ad0bc6000 r-xp 002f7000 00:26 45246751                   /home/pek/.cache/coursier/arc/https/github.com/adoptium/temurin26-binaries/releases/download/jdk-26.0.2%252B10/OpenJDK26U-jdk_x64_linux_hotspot_26.0.2_10.tar.gz/jdk-26.0.2+10/lib/server/libjvm.so
7f8ad0bc6000-7f8ad0ee6000 r--p 013c6000 00:26 45246751                   /home/pek/.cache/coursier/arc/https/github.com/adoptium/temurin26-binaries/releases/download/jdk-26.0.2%252B10/OpenJDK26U-jdk_x64_linux_hotspot_26.0.2_10.tar.gz/jdk-26.0.2+10/lib/server/libjvm.so
7f8ad0ee6000-7f8ad0fd9000 r--p 016e6000 00:26 45246751                   /home/pek/.cache/coursier/arc/https/github.com/adoptium/temurin26-binaries/releases/download/jdk-26.0.2%252B10/OpenJDK26U-jdk_x64_linux_hotspot_26.0.2_10.tar.gz/jdk-26.0.2+10/lib/server/libjvm.so
7f8ad0fd9000-7f8ad1004000 rw-p 017d9000 00:26 45246751                   /home/pek/.cache/coursier/arc/https/github.com/adoptium/temurin26-binaries/releases/download/jdk-26.0.2%252B10/OpenJDK26U-jdk_x64_linux_hotspot_26.0.2_10.tar.gz/jdk-26.0.2+10/lib/server/libjvm.so
7f8ad1004000-7f8ad1088000 rw-p 00000000 00:00 0 
7f8ad108a000-7f8ad108c000 r--p 00000000 00:26 45246721                   /home/pek/.cache/coursier/arc/https/github.com/adoptium/temurin26-binaries/releases/download/jdk-26.0.2%252B10/OpenJDK26U-jdk_x64_linux_hotspot_26.0.2_10.tar.gz/jdk-26.0.2+10/lib/libdt_socket.so
7f8ad108c000-7f8ad108f000 r-xp 00002000 00:26 45246721                   /home/pek/.cache/coursier/arc/https/github.com/adoptium/temurin26-binaries/releases/download/jdk-26.0.2%252B10/OpenJDK26U-jdk_x64_linux_hotspot_26.0.2_10.tar.gz/jdk-26.0.2+10/lib/libdt_socket.so
7f8ad108f000-7f8ad1090000 r--p 00005000 00:26 45246721                   /home/pek/.cache/coursier/arc/https/github.com/adoptium/temurin26-binaries/releases/download/jdk-26.0.2%252B10/OpenJDK26U-jdk_x64_linux_hotspot_26.0.2_10.tar.gz/jdk-26.0.2+10/lib/libdt_socket.so
7f8ad1090000-7f8ad1091000 r--p 00006000 00:26 45246721                   /home/pek/.cache/coursier/arc/https/github.com/adoptium/temurin26-binaries/releases/download/jdk-26.0.2%252B10/OpenJDK26U-jdk_x64_linux_hotspot_26.0.2_10.tar.gz/jdk-26.0.2+10/lib/libdt_socket.so
7f8ad1091000-7f8ad1092000 rw-p 00007000 00:26 45246721                   /home/pek/.cache/coursier/arc/https/github.com/adoptium/temurin26-binaries/releases/download/jdk-26.0.2%252B10/OpenJDK26U-jdk_x64_linux_hotspot_26.0.2_10.tar.gz/jdk-26.0.2+10/lib/libdt_socket.so
7f8ad1092000-7f8ad1099000 r--s 00000000 103:04 4775692                   /usr/lib/gconv/gconv-modules.cache
7f8ad1099000-7f8ad109f000 rw-p 00000000 00:00 0 
7f8ad109f000-7f8ad10a5000 ---p 00000000 00:00 0 
7f8ad10a5000-7f8ad10b3000 r--p 00000000 00:26 45246716                   /home/pek/.cache/coursier/arc/https/github.com/adoptium/temurin26-binaries/releases/download/jdk-26.0.2%252B10/OpenJDK26U-jdk_x64_linux_hotspot_26.0.2_10.tar.gz/jdk-26.0.2+10/lib/libjava.so
7f8ad10b3000-7f8ad10c1000 r-xp 0000e000 00:26 45246716                   /home/pek/.cache/coursier/arc/https/github.com/adoptium/temurin26-binaries/releases/download/jdk-26.0.2%252B10/OpenJDK26U-jdk_x64_linux_hotspot_26.0.2_10.tar.gz/jdk-26.0.2+10/lib/libjava.so
7f8ad10c1000-7f8ad10c6000 r--p 0001c000 00:26 45246716                   /home/pek/.cache/coursier/arc/https/github.com/adoptium/temurin26-binaries/releases/download/jdk-26.0.2%252B10/OpenJDK26U-jdk_x64_linux_hotspot_26.0.2_10.tar.gz/jdk-26.0.2+10/lib/libjava.so
7f8ad10c6000-7f8ad10c7000 r--p 00021000 00:26 45246716                   /home/pek/.cache/coursier/arc/https/github.com/adoptium/temurin26-binaries/releases/download/jdk-26.0.2%252B10/OpenJDK26U-jdk_x64_linux_hotspot_26.0.2_10.tar.gz/jdk-26.0.2+10/lib/libjava.so
7f8ad10c7000-7f8ad10c8000 rw-p 00022000 00:26 45246716                   /home/pek/.cache/coursier/arc/https/github.com/adoptium/temurin26-binaries/releases/download/jdk-26.0.2%252B10/OpenJDK26U-jdk_x64_linux_hotspot_26.0.2_10.tar.gz/jdk-26.0.2+10/lib/libjava.so
7f8ad10c8000-7f8ad10c9000 rw-p 00000000 00:00 0 
7f8ad10c9000-7f8ad10d9000 r--p 00000000 103:04 4722067                   /usr/lib/libm.so.6
7f8ad10d9000-7f8ad1175000 r-xp 00010000 103:04 4722067                   /usr/lib/libm.so.6
7f8ad1175000-7f8ad11fe000 r--p 000ac000 103:04 4722067                   /usr/lib/libm.so.6
7f8ad11fe000-7f8ad11ff000 r--p 00134000 103:04 4722067                   /usr/lib/libm.so.6
7f8ad11ff000-7f8ad1200000 rw-p 00135000 103:04 4722067                   /usr/lib/libm.so.6
7f8ad1200000-7f8ad1224000 r--p 00000000 103:04 4722041                   /usr/lib/libc.so.6
7f8ad1224000-7f8ad139f000 r-xp 00024000 103:04 4722041                   /usr/lib/libc.so.6
7f8ad139f000-7f8ad1415000 r--p 0019f000 103:04 4722041                   /usr/lib/libc.so.6
7f8ad1415000-7f8ad1419000 r--p 00214000 103:04 4722041                   /usr/lib/libc.so.6
7f8ad1419000-7f8ad141b000 rw-p 00218000 103:04 4722041                   /usr/lib/libc.so.6
7f8ad141b000-7f8ad1424000 rw-p 00000000 00:00 0 
7f8ad1424000-7f8ad1425000 r-xp 00000000 00:2d 2847                       /tmp/ffi53evUY (deleted)
7f8ad1425000-7f8ad1427000 rw-p 00000000 00:00 0 
7f8ad1427000-7f8ad1428000 rw-p 00000000 00:00 0 
7f8ad1428000-7f8ad1430000 rw-s 00000000 00:2d 2846                       /tmp/hsperfdata_pek/342294
7f8ad1430000-7f8ad1433000 r--p 00000000 00:26 45246729                   /home/pek/.cache/coursier/arc/https/github.com/adoptium/temurin26-binaries/releases/download/jdk-26.0.2%252B10/OpenJDK26U-jdk_x64_linux_hotspot_26.0.2_10.tar.gz/jdk-26.0.2+10/lib/libjdwp.so
7f8ad1433000-7f8ad1463000 r-xp 00003000 00:26 45246729                   /home/pek/.cache/coursier/arc/https/github.com/adoptium/temurin26-binaries/releases/download/jdk-26.0.2%252B10/OpenJDK26U-jdk_x64_linux_hotspot_26.0.2_10.tar.gz/jdk-26.0.2+10/lib/libjdwp.so
7f8ad1463000-7f8ad1472000 r--p 00033000 00:26 45246729                   /home/pek/.cache/coursier/arc/https/github.com/adoptium/temurin26-binaries/releases/download/jdk-26.0.2%252B10/OpenJDK26U-jdk_x64_linux_hotspot_26.0.2_10.tar.gz/jdk-26.0.2+10/lib/libjdwp.so
7f8ad1472000-7f8ad1473000 r--p 00041000 00:26 45246729                   /home/pek/.cache/coursier/arc/https/github.com/adoptium/temurin26-binaries/releases/download/jdk-26.0.2%252B10/OpenJDK26U-jdk_x64_linux_hotspot_26.0.2_10.tar.gz/jdk-26.0.2+10/lib/libjdwp.so
7f8ad1473000-7f8ad1474000 rw-p 00042000 00:26 45246729                   /home/pek/.cache/coursier/arc/https/github.com/adoptium/temurin26-binaries/releases/download/jdk-26.0.2%252B10/OpenJDK26U-jdk_x64_linux_hotspot_26.0.2_10.tar.gz/jdk-26.0.2+10/lib/libjdwp.so
7f8ad1474000-7f8ad1475000 rw-p 00000000 00:00 0 
7f8ad1475000-7f8ad1476000 ---p 00000000 00:00 0 
7f8ad1476000-7f8ad1477000 r--p 00000000 00:00 0 
7f8ad1477000-7f8ad1478000 ---p 00000000 00:00 0 
7f8ad1478000-7f8ad147c000 r--p 00000000 00:26 45246736                   /home/pek/.cache/coursier/arc/https/github.com/adoptium/temurin26-binaries/releases/download/jdk-26.0.2%252B10/OpenJDK26U-jdk_x64_linux_hotspot_26.0.2_10.tar.gz/jdk-26.0.2+10/lib/libjimage.so
7f8ad147c000-7f8ad1494000 r-xp 00004000 00:26 45246736                   /home/pek/.cache/coursier/arc/https/github.com/adoptium/temurin26-binaries/releases/download/jdk-26.0.2%252B10/OpenJDK26U-jdk_x64_linux_hotspot_26.0.2_10.tar.gz/jdk-26.0.2+10/lib/libjimage.so
7f8ad1494000-7f8ad149a000 r--p 0001c000 00:26 45246736                   /home/pek/.cache/coursier/arc/https/github.com/adoptium/temurin26-binaries/releases/download/jdk-26.0.2%252B10/OpenJDK26U-jdk_x64_linux_hotspot_26.0.2_10.tar.gz/jdk-26.0.2+10/lib/libjimage.so
7f8ad149a000-7f8ad149c000 r--p 00021000 00:26 45246736                   /home/pek/.cache/coursier/arc/https/github.com/adoptium/temurin26-binaries/releases/download/jdk-26.0.2%252B10/OpenJDK26U-jdk_x64_linux_hotspot_26.0.2_10.tar.gz/jdk-26.0.2+10/lib/libjimage.so
7f8ad149c000-7f8ad149d000 rw-p 00023000 00:26 45246736                   /home/pek/.cache/coursier/arc/https/github.com/adoptium/temurin26-binaries/releases/download/jdk-26.0.2%252B10/OpenJDK26U-jdk_x64_linux_hotspot_26.0.2_10.tar.gz/jdk-26.0.2+10/lib/libjimage.so
7f8ad149d000-7f8ad149e000 r--p 00000000 103:04 4722102                   /usr/lib/librt.so.1
7f8ad149e000-7f8ad149f000 r-xp 00001000 103:04 4722102                   /usr/lib/librt.so.1
7f8ad149f000-7f8ad14a0000 r--p 00002000 103:04 4722102                   /usr/lib/librt.so.1
7f8ad14a0000-7f8ad14a1000 r--p 00002000 103:04 4722102                   /usr/lib/librt.so.1
7f8ad14a1000-7f8ad14a2000 rw-p 00003000 103:04 4722102                   /usr/lib/librt.so.1
7f8ad14a2000-7f8ad14a4000 rw-p 00000000 00:00 0 
7f8ad14a4000-7f8ad14a5000 r--p 00000000 103:04 4722096                   /usr/lib/libpthread.so.0
7f8ad14a5000-7f8ad14a6000 r-xp 00001000 103:04 4722096                   /usr/lib/libpthread.so.0
7f8ad14a6000-7f8ad14a7000 r--p 00002000 103:04 4722096                   /usr/lib/libpthread.so.0
7f8ad14a7000-7f8ad14a8000 r--p 00002000 103:04 4722096                   /usr/lib/libpthread.so.0
7f8ad14a8000-7f8ad14a9000 rw-p 00003000 103:04 4722096                   /usr/lib/libpthread.so.0
7f8ad14a9000-7f8ad14aa000 r--p 00000000 103:04 4722054                   /usr/lib/libdl.so.2
7f8ad14aa000-7f8ad14ab000 r-xp 00001000 103:04 4722054                   /usr/lib/libdl.so.2
7f8ad14ab000-7f8ad14ac000 r--p 00002000 103:04 4722054                   /usr/lib/libdl.so.2
7f8ad14ac000-7f8ad14ad000 r--p 00002000 103:04 4722054                   /usr/lib/libdl.so.2
7f8ad14ad000-7f8ad14ae000 rw-p 00003000 103:04 4722054                   /usr/lib/libdl.so.2
7f8ad14ae000-7f8ad14b1000 r--p 00000000 00:26 45246711                   /home/pek/.cache/coursier/arc/https/github.com/adoptium/temurin26-binaries/releases/download/jdk-26.0.2%252B10/OpenJDK26U-jdk_x64_linux_hotspot_26.0.2_10.tar.gz/jdk-26.0.2+10/lib/libjli.so
7f8ad14b1000-7f8ad14c2000 r-xp 00003000 00:26 45246711                   /home/pek/.cache/coursier/arc/https/github.com/adoptium/temurin26-binaries/releases/download/jdk-26.0.2%252B10/OpenJDK26U-jdk_x64_linux_hotspot_26.0.2_10.tar.gz/jdk-26.0.2+10/lib/libjli.so
7f8ad14c2000-7f8ad14c9000 r--p 00014000 00:26 45246711                   /home/pek/.cache/coursier/arc/https/github.com/adoptium/temurin26-binaries/releases/download/jdk-26.0.2%252B10/OpenJDK26U-jdk_x64_linux_hotspot_26.0.2_10.tar.gz/jdk-26.0.2+10/lib/libjli.so
7f8ad14c9000-7f8ad14ca000 r--p 0001a000 00:26 45246711                   /home/pek/.cache/coursier/arc/https/github.com/adoptium/temurin26-binaries/releases/download/jdk-26.0.2%252B10/OpenJDK26U-jdk_x64_linux_hotspot_26.0.2_10.tar.gz/jdk-26.0.2+10/lib/libjli.so
7f8ad14ca000-7f8ad14cb000 rw-p 0001b000 00:26 45246711                   /home/pek/.cache/coursier/arc/https/github.com/adoptium/temurin26-binaries/releases/download/jdk-26.0.2%252B10/OpenJDK26U-jdk_x64_linux_hotspot_26.0.2_10.tar.gz/jdk-26.0.2+10/lib/libjli.so
7f8ad14cb000-7f8ad14cd000 rw-p 00000000 00:00 0 
7f8ad14cd000-7f8ad14ed000 r--p 00000000 103:04 131124                    /etc/ld.so.cache
7f8ad14ed000-7f8ad14f1000 r--p 00000000 00:00 0                          [vvar]
7f8ad14f1000-7f8ad14f3000 r--p 00000000 00:00 0                          [vvar_vclock]
7f8ad14f3000-7f8ad14f5000 r-xp 00000000 00:00 0                          [vdso]
7f8ad14f5000-7f8ad14f6000 r--p 00000000 103:04 4722013                   /usr/lib/ld-linux-x86-64.so.2
7f8ad14f6000-7f8ad1523000 r-xp 00001000 103:04 4722013                   /usr/lib/ld-linux-x86-64.so.2
7f8ad1523000-7f8ad1532000 r--p 0002e000 103:04 4722013                   /usr/lib/ld-linux-x86-64.so.2
7f8ad1532000-7f8ad1534000 r--p 0003d000 103:04 4722013                   /usr/lib/ld-linux-x86-64.so.2
7f8ad1534000-7f8ad1535000 rw-p 0003f000 103:04 4722013                   /usr/lib/ld-linux-x86-64.so.2
7f8ad1535000-7f8ad1536000 rw-p 00000000 00:00 0 
7ffcf938e000-7ffcf93af000 rw-p 00000000 00:00 0                          [stack]
ffffffffff600000-ffffffffff601000 --xp 00000000 00:00 0                  [vsyscall]
Total number of mappings: 388

JVMTI agents:
jdwp path:none, loaded, initialized, options:transport=dt_socket,address=localhost:43995,suspend=n,server=y


VM Arguments:
jvm_args: -agentlib:jdwp=transport=dt_socket,address=localhost:43995,suspend=n,server=y -Xmx1536M -Dsbt.supershell=false -Djdk.console=java.base -Dgrouping.with.qualified.names.enabled=true -Dseparate.prod.test.sources.enabled=true -Didea.managed=true -Dfile.encoding=UTF-8 
java_command: /home/pek/.local/share/JetBrains/IntelliJIdea2026.2/Scala/launcher/sbt-launch.jar early(addPluginSbtFile="""/tmp/idea15856511413508415544.sbt""") idea-shell
java_class_path (initial): /home/pek/.local/share/JetBrains/IntelliJIdea2026.2/Scala/launcher/sbt-launch.jar
Launcher Type: SUN_STANDARD

[Global flags]
     bool AOTAdapterCaching                        = false                                  {diagnostic} {ergonomic}
     bool AOTInvokeDynamicLinking                  = false                                  {diagnostic} {ergonomic}
     bool AOTRecordTraining                        = false                                  {diagnostic} {ergonomic}
     bool AOTReplayTraining                        = false                                  {diagnostic} {ergonomic}
     bool AOTStubCaching                           = false                                  {diagnostic} {ergonomic}
     intx CICompilerCount                          = 4                                         {product} {ergonomic}
     uint ConcGCThreads                            = 2                                         {product} {ergonomic}
     uint G1ConcRefinementThreads                  = 8                                         {product} {ergonomic}
     uint G1EagerReclaimRemSetThreshold            = 10                                   {experimental} {ergonomic}
   size_t G1HeapRegionSize                         = 1048576                                   {product} {ergonomic}
     uint G1RemSetArrayOfCardsEntries              = 10                                   {experimental} {ergonomic}
     uint G1RemSetHowlMaxNumBuckets                = 8                                    {experimental} {ergonomic}
     uint G1RemSetHowlNumBuckets                   = 4                                    {experimental} {ergonomic}
   size_t InitialHeapSize                          = 8388608                                   {product} {ergonomic}
     bool IntelJccErratumMitigation                = true                              {ARCH diagnostic} {ergonomic}
   size_t MarkStackSize                            = 4194304                                   {product} {ergonomic}
   size_t MarkStackSizeMax                         = 536870912                                 {product} {ergonomic}
   size_t MaxHeapSize                              = 1610612736                                {product} {command line}
   size_t MaxNewSize                               = 965738496                                 {product} {ergonomic}
 uint64_t MaxRAM                                   = 33473667072                               {product} {ergonomic}
   size_t MinHeapDeltaBytes                        = 1048576                                   {product} {ergonomic}
   size_t MinHeapSize                              = 8388608                                   {product} {ergonomic}
   size_t NonNMethodCodeHeapSize                   = 5840896                                {pd product} {ergonomic}
   size_t NonProfiledCodeHeapSize                  = 122912768                              {pd product} {ergonomic}
   size_t ProfiledCodeHeapSize                     = 122912768                              {pd product} {ergonomic}
   size_t ReservedCodeCacheSize                    = 251666432                              {pd product} {ergonomic}
     bool SegmentedCodeCache                       = true                                      {product} {ergonomic}
   size_t SoftMaxHeapSize                          = 1610612736                             {manageable} {ergonomic}
     bool UseCompressedOops                        = true                           {product lp64_product} {ergonomic}
     bool UseCondCardMark                          = true                                      {product} {ergonomic}
     bool UseFastUnorderedTimeStamps               = true                                 {experimental} {ergonomic}
     bool UseG1GC                                  = true                                      {product} {ergonomic}
      int X86ICacheSync                            = 2                                 {ARCH diagnostic} {ergonomic}

Logging:
Log output configuration:
 #0: stdout all=warning uptime,level,tags foldmultilines=false
 #1: stderr all=off uptime,level,tags foldmultilines=false

Release file:
IMPLEMENTOR="Eclipse Adoptium"
IMPLEMENTOR_VERSION="Temurin-26.0.2+10"
JAVA_RUNTIME_VERSION="26.0.2+10"
JAVA_VERSION="26.0.2"
JAVA_VERSION_DATE="2026-07-21"
LIBC="gnu"
MODULES="java.base java.compiler java.datatransfer java.xml java.prefs java.desktop java.instrument java.logging java.management java.security.sasl java.naming java.rmi java.management.rmi java.net.http java.scripting java.security.jgss java.transaction.xa java.sql java.sql.rowset java.xml.crypto java.se java.smartcardio jdk.accessibility jdk.internal.jvmstat jdk.attach jdk.charsets jdk.internal.opt jdk.zipfs jdk.compiler jdk.crypto.cryptoki jdk.crypto.ec jdk.dynalink jdk.internal.ed jdk.editpad jdk.internal.vm.ci jdk.graal.compiler jdk.graal.compiler.management jdk.hotspot.agent jdk.httpserver jdk.incubator.vector jdk.internal.le jdk.internal.md jdk.jartool jdk.javadoc jdk.jcmd jdk.management jdk.management.agent jdk.jconsole jdk.jdeps jdk.jdwp.agent jdk.jdi jdk.jfr jdk.jlink jdk.jpackage jdk.jshell jdk.jstatd jdk.localedata jdk.management.jfr jdk.naming.dns jdk.naming.rmi jdk.net jdk.nio.mapmode jdk.sctp jdk.security.auth jdk.security.jgss jdk.unsupported jdk.unsupported.desktop jdk.xml.dom"
OS_ARCH="x86_64"
OS_NAME="Linux"
SOURCE=".:git:8ef08853c5a2"
BUILD_SOURCE="git:e6ba7dec3d07654074559310376a3ae89da5f4ac"
BUILD_SOURCE_REPO="https://github.com/adoptium/temurin-build.git"
SOURCE_REPO="https://github.com/adoptium/jdk26u.git"
FULL_VERSION="26.0.2+10"
SEMANTIC_VERSION="26.0.2+10"
BUILD_INFO="OS: Linux Version: 6.8.0-1062-azure"
JVM_VARIANT="Hotspot"
JVM_VERSION="26.0.2+10"
IMAGE_TYPE="JDK"

Environment Variables:
JAVA_HOME=/home/pek/.cache/coursier/arc/https/github.com/adoptium/temurin26-binaries/releases/download/jdk-26.0.2%252B10/OpenJDK26U-jdk_x64_linux_hotspot_26.0.2_10.tar.gz/jdk-26.0.2+10
CLASSPATH=.:/home/pek/.cache/coursier/arc/https/github.com/adoptium/temurin26-binaries/releases/download/jdk-26.0.2%252B10/OpenJDK26U-jdk_x64_linux_hotspot_26.0.2_10.tar.gz/jdk-26.0.2+10/lib/dt.jar:/home/pek/.cache/coursier/arc/https/github.com/adoptium/temurin26-binaries/releases/download/jdk-26.0.2%252B10/OpenJDK26U-jdk_x64_linux_hotspot_26.0.2_10.tar.gz/jdk-26.0.2+10/lib/tools.jar
PATH=/home/pek/.local/opt/lowrisk/profit/bin:/home/pek/.local/share/coursier/bin:/home/pek/.cache/coursier/arc/https/github.com/adoptium/temurin26-binaries/releases/download/jdk-26.0.2%252B10/OpenJDK26U-jdk_x64_linux_hotspot_26.0.2_10.tar.gz/jdk-26.0.2+10/bin:/home/pek/bin:/usr/local/bin:/usr/bin:/bin:/usr/local/sbin:/usr/lib/jvm/default/bin:/usr/bin/site_perl:/usr/bin/vendor_perl:/usr/bin/core_perl
XDG_CACHE_HOME=/home/pek/.cache
XDG_CONFIG_HOME=/home/pek/.config
SHELL=/bin/zsh
DISPLAY=:0.0
LANG=en_US.UTF-8
TERM=xterm-256color

Active Locale:
LC_ALL=en_US.UTF-8
LC_COLLATE=en_US.UTF-8
LC_CTYPE=en_US.UTF-8
LC_MESSAGES=en_US.UTF-8
LC_MONETARY=en_US.UTF-8
LC_NUMERIC=en_US.UTF-8
LC_TIME=en_US.UTF-8

Signal Handlers:
   SIGSEGV: crash_handler in libjvm.so, mask=11100100010111111101111111111110, flags=SA_RESTART|SA_SIGINFO, unblocked
    SIGBUS: crash_handler in libjvm.so, mask=11100100010111111101111111111110, flags=SA_RESTART|SA_SIGINFO, unblocked
    SIGFPE: crash_handler in libjvm.so, mask=11100100010111111101111111111110, flags=SA_RESTART|SA_SIGINFO, unblocked
   SIGPIPE: javaSignalHandler in libjvm.so, mask=11100100010111111101111111111110, flags=SA_RESTART|SA_SIGINFO, blocked
   SIGXFSZ: javaSignalHandler in libjvm.so, mask=11100100010111111101111111111110, flags=SA_RESTART|SA_SIGINFO, blocked
    SIGILL: crash_handler in libjvm.so, mask=11100100010111111101111111111110, flags=SA_RESTART|SA_SIGINFO, unblocked
   SIGUSR2: SR_handler in libjvm.so, mask=00100000000000000000000000000000, flags=SA_RESTART|SA_SIGINFO, blocked
    SIGHUP: UserHandler in libjvm.so, mask=11100100010111111101111111111110, flags=SA_RESTART|SA_SIGINFO, blocked
    SIGINT: UserHandler in libjvm.so, mask=11100100010111111101111111111110, flags=SA_RESTART|SA_SIGINFO, blocked
   SIGTERM: UserHandler in libjvm.so, mask=11100100010111111101111111111110, flags=SA_RESTART|SA_SIGINFO, blocked
   SIGQUIT: UserHandler in libjvm.so, mask=11100100010111111101111111111110, flags=SA_RESTART|SA_SIGINFO, blocked
   SIGTRAP: crash_handler in libjvm.so, mask=11100100010111111101111111111110, flags=SA_RESTART|SA_SIGINFO, unblocked


Compilation memory statistics disabled.

Periodic native trim disabled

---------------  S Y S T E M  ---------------

OS:
NAME="Arch Linux"
PRETTY_NAME="Arch Linux"
ID=arch
BUILD_ID=rolling
ANSI_COLOR="38;2;23;147;209"
HOME_URL="https://archlinux.org/"
DOCUMENTATION_URL="https://wiki.archlinux.org/"
SUPPORT_URL="https://bbs.archlinux.org/"
BUG_REPORT_URL="https://gitlab.archlinux.org/groups/archlinux/-/issues"
PRIVACY_POLICY_URL="https://terms.archlinux.org/docs/privacy-policy/"
LOGO=archlinux-logo
uname: Linux 7.1.8-arch1-3 #1 SMP PREEMPT_DYNAMIC Tue, 11 Aug 2026 09:16:08 +0000 x86_64
OS uptime: 0 days 15:22 hours
libc: glibc 2.44 NPTL 2.44 
rlimit (soft/hard): STACK 8192k/infinity , CORE infinity/infinity , NPROC 127522/127522 , NOFILE 524288/524288 , AS infinity/infinity , CPU infinity/infinity , DATA infinity/infinity , FSIZE infinity/infinity , MEMLOCK 8192k/8192k
load average: 4.20 3.87 3.85

/proc/meminfo:
MemTotal:       32689128 kB
MemFree:          765708 kB
MemAvailable:   14596956 kB
Buffers:          217024 kB
Cached:         14112680 kB
SwapCached:            0 kB
Active:         19803276 kB
Inactive:       10620452 kB
Active(anon):   14446036 kB
Inactive(anon):  2221060 kB
Active(file):    5357240 kB
Inactive(file):  8399392 kB
Unevictable:      292424 kB
Mlocked:            2068 kB
SwapTotal:      33554428 kB
SwapFree:       33554428 kB
Zswap:                 0 kB
Zswapped:              0 kB
Dirty:             45996 kB
Writeback:            48 kB
AnonPages:      16299336 kB
Mapped:          3509036 kB
Shmem:            521520 kB
KReclaimable:     607148 kB
Slab:             824740 kB
SReclaimable:     607148 kB
SUnreclaim:       217592 kB
KernelStack:       37428 kB
PageTables:        98308 kB
SecPageTables:      2056 kB
NFS_Unstable:          0 kB
Bounce:                0 kB
WritebackTmp:          0 kB
CommitLimit:    49898992 kB
Committed_AS:   35785688 kB
VmallocTotal:   34359738367 kB
VmallocUsed:       78900 kB
VmallocChunk:          0 kB
Percpu:             5312 kB
HardwareCorrupted:     0 kB
AnonHugePages:   8536064 kB
ShmemHugePages:        0 kB
ShmemPmdMapped:        0 kB
FileHugePages:    608256 kB
FilePmdMapped:    407552 kB
CmaTotal:              0 kB
CmaFree:               0 kB
Unaccepted:            0 kB
Balloon:               0 kB
GPUActive:             0 kB
GPUReclaim:            0 kB
HugePages_Total:       0
HugePages_Free:        0
HugePages_Rsvd:        0
HugePages_Surp:        0
Hugepagesize:       2048 kB
Hugetlb:               0 kB
DirectMap4k:      169452 kB
DirectMap2M:     8050688 kB
DirectMap1G:    26214400 kB

/sys/kernel/mm/transparent_hugepage/enabled: [always] madvise never
/sys/kernel/mm/transparent_hugepage/hpage_pmd_size: 2097152
/sys/kernel/mm/transparent_hugepage/shmem_enabled: always within_size [advise] never deny force
/sys/kernel/mm/transparent_hugepage/defrag (defrag/compaction efforts parameter): always defer defer+madvise [madvise] never

Process Memory:
Virtual Size: 4063108K (peak: 4212476K)
Resident Set Size: 1691976K (peak: 2014960K) (anon: 1653292K, file: 38636K, shmem: 48K)
Swapped out: 0K
C-Heap outstanding allocations: 200914K, retained: 361981K
glibc malloc tunables: (default)

/proc/sys/kernel/threads-max (system-wide limit on the number of threads): 255044
/proc/sys/vm/max_map_count (maximum number of memory map areas a process may have): 1048576
/proc/sys/vm/swappiness (control to define how aggressively the kernel swaps out anonymous memory): 60
/proc/sys/kernel/pid_max (system-wide limit on number of process identifiers): 4194304

container information not found.
Steal ticks since vm start: 0
Steal ticks percentage since vm start:  0.000

CPU: total 8 (initial active 8) (8 cores per cpu, 1 threads per core) family 6 model 158 stepping 13 microcode 0x104, cx8, cmov, fxsr, mmx, 3dnowpref, sse, sse2, sse3, ssse3, sse4.1, sse4.2, popcnt, lzcnt, tsc, tscinvbit, avx, avx2, aes, erms, clmul, bmi1, bmi2, rtm, adx, fma, vzeroupper, clflush, clflushopt, rdtscp, f16c
CPU Model and flags from /proc/cpuinfo:
model name	: Intel(R) Core(TM) i7-9700 CPU @ 3.00GHz
flags		: fpu vme de pse tsc msr pae mce cx8 apic sep mtrr pge mca cmov pat pse36 clflush dts acpi mmx fxsr sse sse2 ss ht tm pbe syscall nx pdpe1gb rdtscp lm constant_tsc art arch_perfmon pebs bts rep_good nopl xtopology nonstop_tsc cpuid aperfmperf pni pclmulqdq dtes64 monitor ds_cpl vmx smx est tm2 ssse3 sdbg fma cx16 xtpr pdcm pcid sse4_1 sse4_2 x2apic movbe popcnt tsc_deadline_timer aes xsave avx f16c rdrand lahf_lm abm 3dnowprefetch cpuid_fault epb ssbd ibrs ibpb stibp ibrs_enhanced tpr_shadow flexpriority ept vpid ept_ad fsgsbase tsc_adjust bmi1 avx2 smep bmi2 erms invpcid mpx rdseed adx smap clflushopt intel_pt xsaveopt xsavec xgetbv1 xsaves dtherm ida arat pln pts hwp hwp_notify hwp_act_window hwp_epp vnmi md_clear flush_l1d arch_capabilities

Online cpus: 0-7
Offline cpus: 
BIOS frequency limitation: <Not Available>
Frequency switch latency (ns): 0
Available cpu frequencies: <Not Available>
Current governor: powersave
Core performance/turbo boost: <Not Available>

Memory: 4k page, physical 32689128k(14596956k free), swap 33554428k(33554428k free)
Page Sizes: 4k

vm_info: OpenJDK 64-Bit Server VM (26.0.2+10) for linux-amd64 JRE (26.0.2+10), built on 2026-07-21T00:00:00Z with gcc 14.2.0

END.
